1,Clerks,6,"[""US""]"
31,Mister Rogers' Neighborhood,850,"[""US""]"
11,Sidewalks: Video Nite,399,"[""US""]"
0,W*A*L*T*E*R,0,"[""US""]"
1,Star Wars: Droids,13,"[""CA"",""US""]"
2,Bratz,0,"[""US""]"
2,"Mary Hartman, Mary Hartman",307,"[""US""]"
7,Medium,130,"[""US""]"
1,Dolly,22,"[""US""]"
2,Houston Knights,31,"[""US""]"
1,Angela's Eyes,13,"[""US""]"
2,The Job,19,"[""US""]"
5,In the House,76,"[""US""]"
5,Animaniacs,275,"[""US""]"
4,Strange Days at Blake Holsey High,42,"[""CA"",""US""]"
1,Time Warp Trio,26,"[""CA"",""US""]"
1,Adventures of Sonic the Hedgehog,65,"[""US""]"
8,That '70s Show,200,"[""US""]"
0,The Phred on Your Head Show,0,"[""US""]"
0,Wonderbug,0,"[""US""]"
3,What's Happening Now!!,66,"[""US""]"
8,Dora the Explorer,192,"[""US""]"
3,The Famous Jett Jackson,65,"[""US""]"
9,Falcon Crest,227,"[""US""]"
0,Fox Online,0,"[""US""]"
0,Rita Cosby: Live & Direct,0,"[""US""]"
1,Match Game,1438,"[""US""]"
1,Planet of the Apes,14,"[""US""]"
1,Presidio Med,16,"[""US""]"
1,Hawaii,8,"[""US""]"
4,What I Like About You,86,"[""US""]"
3,Newlyweds: Nick and Jessica,41,"[""US""]"
1,Fievel's American Tails,13,"[""CA"",""US""]"
4,Two Guys and a Girl,81,"[""US""]"
24,Dateline,785,"[""US""]"
1,NBA on TNT,1,"[""US""]"
2,Postcards from Buster,52,"[""US"",""CA""]"
3,Titus,54,"[""US""]"
9,The Drew Carey Show,233,"[""US""]"
1,Strictly Sex with Dr. Drew,10,"[""US""]"
4,Wildboyz,32,"[""US""]"
0,Pain Clinic,0,"[""US""]"
6,St. Elsewhere,137,"[""US""]"
14,Dallas,357,"[""US""]"
2,ComicView,12,"[""US""]"
5,Pacific Blue,101,"[""US""]"
7,Growing Pains,166,"[""US""]"
1,Hardball with Chris Matthews,35,"[""US""]"
38,The Challenge,585,"[""US""]"
4,Malcolm & Eddie,89,"[""US""]"
2,Sigmund and the Sea Monsters,29,"[""US""]"
7,Buffy the Vampire Slayer,144,"[""US""]"
2,Beat the Geeks,129,"[""US""]"
1,The Time Tunnel,30,"[""US""]"
0,Moron Life,0,"[""US""]"
6,A Different World,144,"[""US""]"
2,Starting Over,235,"[""US""]"
4,Boston Public,81,"[""US""]"
1,Space Sentinels,13,"[""US""]"
1,Ink,26,"[""US""]"
11,Cheers,273,"[""US""]"
10,Teenage Mutant Ninja Turtles,193,"[""US""]"
1,Dark Skies,19,"[""US""]"
1,Saved,13,"[""US""]"
1,Fantasy Island,13,"[""US""]"
2,Carnivàle,24,"[""US""]"
1,Under One Roof,7,"[""US""]"
8,WCW Saturday Night,201,"[""US""]"
8,The Andy Griffith Show,249,"[""US""]"
1,Titans,13,"[""US""]"
1,Just for Kicks,13,"[""US""]"
2,Cory in the House,34,"[""US""]"
5,All Grown Up!,52,"[""US""]"
1,Fantastic Four: World's Greatest Heroes,26,"[""US""]"
0,The Journal Editorial Report,0,"[""US""]"
0,Trailside,0,"[""US""]"
5,I Am Weasel,79,"[""US""]"
1,Britney and Kevin: Chaotic,5,"[""US""]"
12,NYPD Blue,261,"[""US""]"
6,Sex and the City,94,"[""US""]"
4,Less than Perfect,81,"[""US""]"
14,Unsolved Mysteries,736,"[""US""]"
1,Pasadena,13,"[""US""]"
1,Head Cases,7,"[""US""]"
6,Good Times,133,"[""US""]"
6,3rd Rock from the Sun,139,"[""US""]"
5,La Femme Nikita,96,"[""CA"",""US""]"
1,Fernwood 2 Night,65,"[""US""]"
6,Monster Garage,98,"[""US""]"
3,My Life as a Teenage Robot,76,"[""US""]"
8,Weeds,102,"[""US""]"
11,Def Comedy Jam,29,"[""US""]"
1,Chuck Norris: Karate Kommandos,5,"[""US""]"
0,CNN Daybreak,0,"[""US""]"
2,Movin' On,45,"[""US""]"
0,Scarborough Country,0,"[""US""]"
1,Gerhard Reinke's Wanderlust,6,"[""US""]"
16,Port Charles,1078,"[""US""]"
9,Night Court,193,"[""US""]"
1,Can't Get a Date,8,"[""US""]"
1,Now and Again,22,"[""US""]"
5,Lingo,46,"[""US"",""NL"",""CA""]"
5,Martin,132,"[""US""]"
7,Arliss,80,"[""US""]"
1,Declassified,14,"[""US""]"
2,Jeremiah,35,"[""CA"",""US""]"
4,Bear in the Big Blue House,118,"[""US""]"
2,The Fantasy Show,11,"[""US""]"
9,The Game,147,"[""US""]"
3,Kyle XY,43,"[""US""]"
4,My Gym Partner's a Monkey,100,"[""US""]"
5,Jackie Chan Adventures,95,"[""US""]"
2,The Dick Powell Show,60,"[""US""]"
1,Bonds on Bonds,1,"[""US""]"
0,Detroit Sports Report,0,"[""US""]"
0,Get the Message,0,"[""US""]"
1,Freddie,22,"[""US""]"
4,The Man from U.N.C.L.E.,105,"[""US""]"
1,The Gallant Men,26,"[""US""]"
4,Deep Sea Detectives,68,"[""US""]"
2,Who Wants to Be a Superhero?,14,"[""US""]"
1,The Flash,22,"[""US""]"
12,Aqua Teen Hunger Force,139,"[""US""]"
0,ESPNU Inside the Polls,0,"[""US""]"
3,Hi Hi Puffy AmiYumi,117,"[""US""]"
2,Squirrel Boy,52,"[""US""]"
14,Untold Stories of the ER,169,"[""US""]"
2,Dirt,20,"[""US""]"
4,Moral Orel,43,"[""US""]"
1,$25 Million Dollar Hoax,3,"[""US""]"
7,Animal Precinct,95,"[""US""]"
4,Picket Fences,88,"[""US""]"
3,Duck Dodgers,67,"[""US""]"
22,Inside the Actors Studio,284,"[""US""]"
1,Big Day,13,"[""US""]"
4,The Many Loves of Dobie Gillis,147,"[""US""]"
2,Battle Dome,44,"[""US""]"
1,The Mike O'Malley Show,13,"[""US""]"
2,The Garry Moore Show,39,"[""US""]"
2,The New Scooby and Scrappy-Doo Show,46,"[""US""]"
13,The Soup,643,"[""US""]"
1,Mortal Kombat: Conquest,22,"[""US""]"
1,USA Network Thursday Night Baseball,17,"[""US""]"
5,Clarissa Explains It All,65,"[""US""]"
4,Everybody Hates Chris,88,"[""US""]"
3,Star Trek,79,"[""US""]"
0,ESPNU Coaches Spotlight,0,"[""US""]"
9,One Tree Hill,187,"[""US""]"
0,Tucker,0,"[""US""]"
5,Ellen,109,"[""US""]"
1,Korgoth of Barbaria,1,"[""US""]"
8,Nightline,115,"[""US""]"
2,NASCAR Racers,26,"[""US""]"
8,The Midnight Special,65,"[""US""]"
1,Runaway,9,"[""US""]"
1,Inhumanoids,13,"[""US""]"
8,Penn & Teller: Bullshit!,89,"[""US""]"
3,Avatar: The Last Airbender,61,"[""US""]"
1,So Little Time,26,"[""US""]"
0,JBTV,0,"[""US""]"
5,California Dreams,78,"[""US""]"
2,The Ashlee Simpson Show,19,"[""US""]"
2,Q.E.D.,7,"[""US""]"
1,Fearless,1,"[""US""]"
0,WWE Heat,0,"[""US""]"
1,The Adventures of the Galaxy Rangers,65,"[""US"",""JP""]"
3,Dream Job,23,"[""US""]"
5,Brothers and Sisters,109,"[""US""]"
1,Point Pleasant,13,"[""US""]"
5,Scare Tactics,96,"[""US""]"
28,The Bachelor,294,"[""US""]"
2,Notes from the Underbelly,23,"[""US""]"
3,Legends of the Hidden Temple,120,"[""US""]"
2,Jericho,29,"[""US""]"
0,The Sports Reporters,0,"[""US""]"
3,WWE Bottom Line,115,"[""US""]"
4,The District,89,"[""US""]"
3,Maniac Mansion,66,"[""CA"",""US""]"
4,Courageous Cat and Minute Mouse,124,"[""US""]"
1,American Gothic,18,"[""US""]"
4,Voyage to the Bottom of the Sea,110,"[""US""]"
1,Perversions of Science,10,"[""US""]"
1,The Geena Davis Show,22,"[""US""]"
1,The Nine,13,"[""US""]"
2,My Little Pony,65,"[""US"",""JP""]"
0,Monday Night Countdown,0,"[""US""]"
1,Sealab 2020,13,"[""US""]"
9,Kids Incorporated,150,"[""US""]"
3,The Amanda Show,40,"[""US""]"
1,Cain's Hundred,30,"[""US""]"
1,Patent Bending,14,"[""CA"",""US""]"
8,Access Hollywood,136,"[""US""]"
7,Fear Factor,156,"[""US""]"
1,The Knights of Prosperity,13,"[""US""]"
1,Starcade,134,"[""US""]"
2,American Dragon: Jake Long,55,"[""US""]"
2,Masked Rider,40,"[""US""]"
4,Evening Shade,100,"[""US""]"
2,Outside the Lines,2,"[""US""]"
2,Shark,38,"[""US""]"
8,Jim Rome Is Burning,197,"[""US""]"
1,Teen Angel,17,"[""US""]"
4,Star Trek: Enterprise,98,"[""US""]"
5,Sightings,111,"[""US""]"
2,The Tony Danza Show,328,"[""US""]"
24,"Little People, Big World",393,"[""US""]"
24,America's Next Top Model,310,"[""US""]"
5,Sealab 2021,52,"[""US""]"
1,Teachers,6,"[""US""]"
1,Stark Raving Mad,22,"[""US""]"
7,Doug,166,"[""US""]"
24,Maury,1651,"[""US""]"
13,SpongeBob SquarePants,561,"[""US""]"
3,Animal Cops: Detroit,40,"[""US""]"
7,The Dukes of Hazzard,147,"[""US""]"
1,Eureeka's Castle,26,"[""US""]"
3,Ӕon Flux,16,"[""US""]"
1,WCW Pro,1,"[""US""]"
2,Arnie,48,"[""US""]"
5,One on One,113,"[""US""]"
11,Ghost Hunters,232,"[""US""]"
3,The Life and Times of Juniper Lee,40,"[""US""]"
0,Football Friday,0,"[""US""]"
0,Number 1 Single,0,"[""US""]"
2,She Spies,40,"[""US""]"
1,Weinerville,24,"[""US""]"
22,Late Show with David Letterman,4252,"[""US""]"
7,Mad About You,164,"[""US""]"
1,Beyond Westworld,5,"[""US""]"
1,Call to Greatness,8,"[""US""]"
4,"Harvey Birdman, Attorney at Law",39,"[""US""]"
2,Clean Sweep,121,"[""US""]"
1,The Adventures of Sam & Max: Freelance Police,24,"[""CA"",""US""]"
2,Terminator: The Sarah Connor Chronicles,31,"[""US""]"
1,Unan1mous,8,"[""US""]"
6,Mister Ed,143,"[""US""]"
2,In a Fix,88,"[""US""]"
35,The Simpsons,751,"[""US""]"
2,Cuts,31,"[""US""]"
6,Nash Bridges,122,"[""US""]"
5,Lou Grant,114,"[""US""]"
12,"Murder, She Wrote",264,"[""US""]"
3,Talkshow with Spike Feresten,66,"[""US""]"
7,Family Ties,176,"[""US""]"
4,Still Standing,88,"[""US""]"
4,WWE Afterburn,146,"[""US""]"
0,WCW WorldWide,0,"[""US""]"
1,The Buzz on Maggie,21,"[""US""]"
6,Mr. Belvedere,117,"[""US""]"
2,Salute Your Shorts,26,"[""US""]"
1,Father of the Pride,14,"[""GB"",""US""]"
0,Kung Faux,0,"[""US""]"
1,Texas Ranch House,8,"[""US""]"
0,Animal Cops: Phoenix,0,"[""US""]"
0,The Hot List,0,"[""US""]"
1,The Class,19,"[""US""]"
4,A Pup Named Scooby-Doo,30,"[""US""]"
1,The Evidence,8,"[""US""]"
8,Texaco Star Theater,7,"[""US""]"
2,Megas XLR,26,"[""US""]"
1,Saturday Night's Main Event,41,"[""US""]"
6,Captain Planet and the Planeteers,113,"[""US""]"
1,Nobody's Watching,1,"[""US""]"
3,The Brak Show,28,"[""CA"",""US""]"
9,Alice,202,"[""US""]"
4,The Osbournes,52,"[""US""]"
5,The Ren & Stimpy Show,91,"[""CA"",""US""]"
3,Batman Beyond,52,"[""US""]"
2,VR Troopers,92,"[""US"",""JP""]"
2,Joanie Loves Chachi,17,"[""US""]"
5,Hey Arnold!,186,"[""US""]"
13,Squidbillies,132,"[""US""]"
4,KaBlam!,48,"[""US""]"
3,Higglytown Heroes,57,"[""US""]"
3,Bordertown,78,"[""US"",""CA"",""FR""]"
50,Good Morning America,61,"[""US""]"
7,Muppet Babies,107,"[""US""]"
1,Living with Lydia,1,"[""US"",""SG""]"
6,Numb3rs,118,"[""US""]"
18,The Biggest Loser,263,"[""US""]"
2,Martial Law,44,"[""US""]"
8,Barnaby Jones,178,"[""US""]"
1,My Little Pony Tales,26,"[""US""]"
1,Higher Ground,22,"[""CA"",""US""]"
31,The Ultimate Fighter,417,"[""US""]"
5,The Days and Nights of Molly Dodd,65,"[""US""]"
2,The Legend of Prince Valiant,65,"[""US""]"
4,WWE Velocity,183,"[""US""]"
0,Bulls & Bears,0,"[""US""]"
2,Living with Fran,26,"[""US""]"
1,Medical Investigation,20,"[""US""]"
22,Law & Order,488,"[""US""]"
4,Countdown with Keith Olbermann,307,"[""US""]"
1,Rainbow Brite,13,"[""US"",""FR"",""JP""]"
0,ESPNews Gametime,0,"[""US""]"
1,My World and Welcome to It,26,"[""US""]"
11,WWF Wrestling Challenge,431,"[""US""]"
5,Remington Steele,94,"[""US""]"
2,Shaggy & Scooby-Doo Get a Clue!,26,"[""US""]"
5,Renegade,110,"[""US""]"
5,Family Affair,138,"[""US""]"
6,CHiPs,139,"[""US""]"
2,Sledge Hammer!,41,"[""US""]"
5,Fetch! with Ruff Ruffman,100,"[""US""]"
3,Pensacola: Wings of Gold,66,"[""US""]"
2,Card Sharks,2,"[""US""]"
7,Saved by the Bell: The New Class,143,"[""US""]"
1,Gameshow Marathon,7,"[""US"",""GB""]"
3,Shining Time Station,75,"[""US""]"
0,Weekends with Maury and Connie,0,"[""US""]"
3,The Proud Family,52,"[""US""]"
1,That's My Bush!,8,"[""US""]"
5,Camp Lazlo,114,"[""US""]"
1,Hammerman,6,"[""US""]"
2,Around the Horn,3,"[""US""]"
0,NHL 2Night,0,"[""US""]"
1,Proof Positive,10,"[""US""]"
2,The Swan,21,"[""US""]"
2,SWAT Kats: The Radical Squadron,26,"[""US""]"
1,Battlestar Galactica,22,"[""US""]"
53,Sesame Street,3045,"[""US""]"
6,Third Watch,131,"[""US""]"
1,Ryan's Hope,2,"[""US""]"
11,Larry King Live,30,"[""US""]"
5,Dinner for Five,50,"[""US""]"
3,Dungeons & Dragons,27,"[""US""]"
19,The Ellen DeGeneres Show,2012,"[""US""]"
5,Charles in Charge,126,"[""US""]"
7,Star Trek: Deep Space Nine,176,"[""US""]"
0,Big Monday,0,"[""US""]"
3,Veronica's Closet,62,"[""US""]"
7,"Sabrina, the Teenage Witch",163,"[""US""]"
6,The Powerpuff Girls,136,"[""US""]"
1,3-South,13,"[""US""]"
1,Profit,8,"[""US""]"
1,The Black Donnellys,13,"[""US""]"
61,CBS Evening News,320,"[""US""]"
1,Batfink,100,"[""US""]"
1,Animal Cops: San Francisco,15,"[""US""]"
1,Moolah Beach,7,"[""US""]"
1,The Psychiatrist,6,"[""US""]"
2,Queer Duck,1,"[""US""]"
1,John Doe,21,"[""US""]"
8,Desperate Housewives,179,"[""US""]"
6,Green Acres,170,"[""US""]"
9,Futurama,144,"[""US""]"
3,TNA Xplosion,82,"[""US""]"
1,Hypernauts,13,"[""US""]"
4,Kung Fu: The Legend Continues,88,"[""US""]"
0,Mo'Nique's Fat Chance,0,"[""US""]"
5,The Incredible Hulk,83,"[""US""]"
24,60 Minutes,789,"[""US""]"
7,Star Trek: The Next Generation,177,"[""US""]"
7,The FBI Files,121,"[""US""]"
3,Wild West Tech,34,"[""US""]"
2,Baby Looney Tunes,102,"[""CA"",""US""]"
1,Justice,13,"[""US""]"
5,Teen Titans,65,"[""US""]"
1,Love on a Rooftop,32,"[""US""]"
4,Mr. Show with Bob and David,30,"[""US""]"
1,Rollergirls,14,"[""US""]"
1,Gilligan's Planet,13,"[""US""]"
1,Life on a Stick,13,"[""US""]"
0,Room Raiders,0,"[""US""]"
6,Reba,125,"[""US""]"
4,Rocko's Modern Life,100,"[""US""]"
3,The Young Indiana Jones Chronicles,43,"[""US""]"
0,Tom Green's House Tonight,0,"[""US""]"
2,Tom and Jerry Tales,78,"[""US""]"
3,Xiaolin Showdown,52,"[""US""]"
0,Shaquille,0,"[""US""]"
2,Mr. Meaty,35,"[""CA"",""US""]"
7,The West Wing,154,"[""US""]"
2,King of Cars,29,"[""US""]"
2,Challenge of the GoBots,65,"[""US""]"
2,Exosquad,52,"[""US""]"
6,"Ed, Edd n Eddy",126,"[""CA"",""US""]"
1,The New Odd Couple,18,"[""US""]"
2,Brandy & Mr. Whiskers,77,"[""US""]"
4,Half & Half,91,"[""US""]"
1,Standoff,18,"[""US""]"
8,Who's the Boss?,196,"[""US""]"
3,Once and Again,63,"[""US""]"
5,Rhoda,110,"[""US""]"
0,Parental Control,0,"[""US""]"
1,Concentration,273,"[""US""]"
3,"What's New, Scooby-Doo?",42,"[""US""]"
4,Metalocalypse,62,"[""US""]"
15,Curious George,389,"[""US""]"
4,X-Men: Evolution,52,"[""US""]"
1,Whoopi,22,"[""US""]"
2,"It's Like, You Know...",26,"[""US""]"
11,Robot Chicken,218,"[""US""]"
0,The News with Brian Williams,0,"[""US""]"
4,"Tarzan, Lord of the Jungle",36,"[""US""]"
1,SportsCenter,0,"[""US""]"
3,Chappelle's Show,28,"[""US""]"
0,Fox & Friends,0,"[""US""]"
2,U-Pick Live,43,"[""US""]"
8,"Magnum, P.I.",162,"[""US""]"
9,Extreme Makeover: Home Edition,199,"[""US""]"
1,The Ben Stiller Show,13,"[""US""]"
4,"Welcome Back, Kotter",95,"[""US""]"
1,Maybe It's Me,22,"[""US""]"
2,Acapulco H.E.A.T.,48,"[""US""]"
5,Beauty and the Geek,48,"[""US""]"
2,Boomtown,24,"[""US""]"
4,WCW Thunder,156,"[""US""]"
1,Threat Matrix,16,"[""US""]"
7,Designing Women,163,"[""US""]"
4,DuckTales,101,"[""US""]"
10,Ace of Cakes,116,"[""US""]"
7,Primetime,105,"[""US""]"
1,8th & Ocean,10,"[""US""]"
1,The Oprah Winfrey Show,1,"[""US""]"
1,Lidsville,17,"[""US""]"
8,L.A. Law,171,"[""US""]"
1,Sabrina: The Animated Series,65,"[""US"",""CA""]"
4,The John Larroquette Show,84,"[""US""]"
2,Boston Common,32,"[""US""]"
10,Columbo,67,"[""US""]"
5,NBC Nightly News,181,"[""US""]"
1,Line of Fire,13,"[""US""]"
3,Greg the Bunny,33,"[""US""]"
2,Password Plus,60,"[""US""]"
0,America This Morning,0,"[""US""]"
4,I Wanna Be a Soap Star,32,"[""US""]"
7,The Grim Adventures of Billy and Mandy,184,"[""US""]"
0,World News Now,0,"[""US""]"
3,Son of the Beach,42,"[""US""]"
19,One Life to Live,3561,"[""US""]"
1,Guiding Light,202,"[""US""]"
1,Caprica,18,"[""CA"",""US""]"
15,All My Children,2378,"[""US""]"
2,Just Jordan,29,"[""US""]"
16,WWF Superstars Of Wrestling,288,"[""US""]"
2,Watching Ellie,19,"[""US""]"
1,American Dreamer,17,"[""US""]"
8,In the Heat of the Night,146,"[""US""]"
1,The Betty White Show,1,"[""US""]"
12,Days of Our Lives,1842,"[""US""]"
1,Pope John Paul II,2,"[""US""]"
5,Spider-Man,65,"[""US""]"
2,I Love New York,25,"[""US""]"
4,Lincoln Heights,43,"[""US""]"
1,Temple Houston,26,"[""US""]"
11,M*A*S*H,251,"[""US""]"
11,Charlie Rose,84,"[""US""]"
2,The Fonz and the Happy Days Gang,24,"[""US""]"
6,The Surreal Life,58,"[""US""]"
1,Gadget Boy & Heather,26,"[""FR"",""US""]"
0,Nick Rocks,0,"[""US""]"
7,Cheyenne,108,"[""US""]"
6,The Rockford Files,122,"[""US""]"
1,Captain Video and His Video Rangers,2,"[""US""]"
5,Where in the World Is Carmen Sandiego?,67,"[""US""]"
5,That's Incredible!,10,"[""US""]"
4,WKRP in Cincinnati,90,"[""US""]"
3,The Book of Pooh,68,"[""US""]"
3,The Joe Schmo Show,27,"[""US""]"
3,Spenser: For Hire,65,"[""US""]"
6,77 Sunset Strip,206,"[""US""]"
2,He-Man and the Masters of the Universe,130,"[""US""]"
2,Beast Machines: Transformers,26,"[""CA"",""US""]"
1,Kratts' Creatures,50,"[""US"",""CA""]"
1,Gabriel's Fire,22,"[""US""]"
1,Broadway Open House,1,"[""US""]"
1,The Archie Show,17,"[""US""]"
2,The New Fred and Barney Show,17,"[""US""]"
0,Slime Time Live,0,"[""US""]"
1,The Ghost Busters,15,"[""US""]"
3,Duet,54,"[""US""]"
4,Extreme Makeover,58,"[""US""]"
2,Trackdown,71,"[""US""]"
1,Wacky Races,34,"[""US""]"
32,General Hospital,3204,"[""US""]"
4,The Rookies,92,"[""US""]"
0,Emergency Vets,0,"[""US""]"
3,The Sarah Silverman Program.,32,"[""US""]"
1,The Secret Adventures of Jules Verne,22,"[""CA"",""US""]"
6,Kate & Allie,122,"[""US""]"
1,Supertrain,9,"[""US""]"
1,I Love the '90s,10,"[""US""]"
1,Strange Love,11,"[""US""]"
1,I Love the '80s,10,"[""US""]"
1,Hollywood Squares,68,"[""US""]"
9,Super Friends,109,"[""US""]"
1,Behind the Music,230,"[""US""]"
0,Our Place,0,"[""AU"",""US""]"
3,Burke's Law,81,"[""US""]"
5,Maverick,124,"[""US""]"
3,B. J. and the Bear,46,"[""US""]"
1,Jonny Quest,26,"[""US""]"
4,The Huckleberry Hound Show,178,"[""US""]"
1,Groovie Goolies,16,"[""US""]"
11,The Danny Thomas Show,335,"[""US""]"
1,Wild Square,13,"[""US""]"
1,Loving,2,"[""US""]"
7,Best Week Ever,126,"[""US""]"
3,As the World Turns,6,"[""US""]"
3,"Scooby-Doo, Where Are You!",41,"[""US""]"
3,Liquid Television,22,"[""US""]"
8,The Jackie Gleason Show,17,"[""US""]"
14,The Adventures of Ozzie and Harriet,388,"[""US""]"
1,Raw Toonage,39,"[""US""]"
2,Harper Valley,31,"[""US""]"
15,EP Daily,209,"[""CA"",""US""]"
14,Bonanza,431,"[""US""]"
5,The Bullwinkle Show,815,"[""US""]"
2,Flo,28,"[""US""]"
1,The Mary Tyler Moore Hour,11,"[""US""]"
7,"Trapper John, M.D.",151,"[""US""]"
6,The Colgate Comedy Hour,206,"[""US""]"
2,The Richie Rich/Scooby-Doo Show and Scrappy Too!,20,"[""US""]"
1,The O'Reilly Factor,0,"[""US""]"
0,Cinematech,0,"[""US""]"
5,December Bride,157,"[""US""]"
11,The Carol Burnett Show,279,"[""US""]"
1,Bourbon Street Beat,39,"[""US""]"
50,The Young and the Restless,2248,"[""US""]"
5,T. J. Hooker,92,"[""US""]"
5,Truth or Consequences,147,"[""US""]"
2,Phyllis,48,"[""US""]"
1,The 13 Ghosts of Scooby-Doo,13,"[""US""]"
2,Scooby's All-Star Laff-A-Lympics,24,"[""US""]"
1,Tabitha,13,"[""US""]"
4,Suddenly Susan,93,"[""US""]"
5,Red Shoe Diaries,66,"[""US""]"
1,The Girl from U.N.C.L.E.,29,"[""US""]"
9,How I Met Your Mother,208,"[""US""]"
0,Club Mario,0,"[""US""]"
1,The Flintstone Comedy Hour,18,"[""US""]"
1,Tenspeed and Brown Shoe,14,"[""US""]"
2,Voltron: Defender of the Universe,72,"[""JP"",""US""]"
0,Laff-a-Lympics,0,"[""US""]"
4,Nickelodeon GUTS,158,"[""US""]"
2,Amazing Stories,45,"[""US""]"
1,Birdman and the Galaxy Trio,60,"[""US""]"
0,Wild & Crazy Kids,0,"[""US""]"
1,Ozzie's Girls,24,"[""US""]"
3,Action League Now!,20,"[""US""]"
20,Let's Make a Deal,53,"[""US""]"
2,F Troop,65,"[""US""]"
2,"Philip Marlowe, Private Eye",11,"[""GB"",""US""]"
1,Three's a Crowd,22,"[""US""]"
1,Remote Control,6,"[""US""]"
7,Star Trek: Hidden Frontier,50,"[""US""]"
6,Dream On,120,"[""US""]"
4,The Sonny & Cher Comedy Hour,90,"[""US""]"
6,Essence of Emeril,115,"[""US""]"
1,George Burns Comedy Week,13,"[""US""]"
2,Mrs. Columbo,13,"[""US""]"
1,United States,13,"[""US""]"
2,The New Scooby-Doo Movies,24,"[""US""]"
2,Jack & Jill,32,"[""US""]"
1,John from Cincinnati,10,"[""US""]"
2,The Sonny & Cher Show,34,"[""US""]"
7,Down to Earth,106,"[""US""]"
7,Mad Men,92,"[""US""]"
0,ESPN DayGame,0,"[""US""]"
11,Happy Tree Friends,194,"[""US""]"
0,What's the Story,0,"[""US""]"
1,A Man Called Hawk,13,"[""US""]"
1,The Greatest Adventure: Stories from the Bible,13,"[""US""]"
1,The Doctors,68,"[""US""]"
0,Give-n-Take,0,"[""US""]"
1,Beach Girls,6,"[""US""]"
2,The Real Adventures of Jonny Quest,52,"[""US""]"
0,The Zimmer Twins,0,"[""CA"",""AU"",""US"",""GB""]"
2,Taina,26,"[""US""]"
1,The Law & Harry McGraw,16,"[""US""]"
0,Power Lunch,0,"[""US""]"
1,High Rollers,1,"[""US""]"
2,Really Wild Animals,19,"[""US""]"
2,1 Day With,26,"[""US""]"
1,Karen Sisco,10,"[""US""]"
1,Mike & Mike,1,"[""US""]"
0,SlamTV!,0,"[""US""]"
8,Kunoichi,47,"[""US"",""JP""]"
2,Inside Edition,1,"[""US""]"
0,quiznation,0,"[""US""]"
0,El Amor no Tiene Precio,0,"[""MX"",""US""]"
1,Tenacious D,6,"[""US""]"
0,Saturday Primetime,0,"[""US""]"
2,The Restaurant,12,"[""US""]"
1,American Eats,15,"[""US""]"
1,My So-Called Life,19,"[""US""]"
1,'Til Death Do Us Part: Carmen and Dave,7,"[""US""]"
0,NewsEdge at 11,0,"[""US""]"
1,New Amsterdam,8,"[""US""]"
0,Mission Man Band,0,"[""US""]"
4,Men in Black: The Series,53,"[""US""]"
2,Jack's Big Music Show,27,"[""US""]"
0,SCARED!,0,"[""US""]"
1,H.E.L.P.,6,"[""US""]"
2,Hope and Gloria,35,"[""US""]"
1,Silver Surfer,13,"[""US""]"
0,Headline Prime,0,"[""US""]"
0,Crimetime,0,"[""US""]"
0,30 Days Til I'm Famous,0,"[""US""]"
0,InZer0,0,"[""US""]"
0,Hard Copy,0,"[""US""]"
35,American Experience,383,"[""US""]"
0,Turn Up the Heat with G. Garvin,0,"[""US""]"
2,A Nero Wolfe Mystery,27,"[""US""]"
0,Squawk on the Street,0,"[""US""]"
0,Las Brujas de South Beach,0,"[""US""]"
38,Captain Kangaroo,11,"[""US""]"
0,Mr. Conductor's Thomas Tales,0,"[""US""]"
1,Wrestling Society X,10,"[""US""]"
0,The Daily Buzz,0,"[""US""]"
1,The Great Adventure,26,"[""US""]"
1,Ford Star Jubilee,12,"[""US""]"
0,The Site,0,"[""US""]"
4,Duckman,70,"[""US""]"
1,Free Stuff,2,"[""US""]"
0,College GameNight,0,"[""US""]"
2,October Road,20,"[""US""]"
1,Wicked Wicked Games,71,"[""US""]"
3,Spider-Man and His Amazing Friends,24,"[""US""]"
3,Father Dowling Mysteries,43,"[""US""]"
1,"Benji, Zax & the Alien Prince",13,"[""US""]"
1,The Great American Dream Vote,3,"[""US""]"
5,Six Feet Under,63,"[""US""]"
1,Garrison's Gorillas,26,"[""US""]"
1,The Avengers: United They Stand,13,"[""US""]"
1,Maui Fever,9,"[""US""]"
7,Californication,84,"[""US""]"
1,Flash Gordon,21,"[""CA"",""US""]"
1,Bionic Woman,8,"[""US""]"
1,Black Scorpion,22,"[""US""]"
3,Hardcastle and McCormick,67,"[""US""]"
2,Viva Piñata,104,"[""CA"",""US""]"
5,Quick Fix Meals with Robin Miller,54,"[""US""]"
5,"Tim and Eric Awesome Show, Great Job!",50,"[""US""]"
0,First Take,0,"[""US""]"
4,Greek,74,"[""US""]"
0,Sunset Tan,0,"[""US""]"
0,Play2Win,0,"[""US""]"
5,BattleBots,71,"[""US""]"
1,All About You,4,"[""US""]"
17,How Do They Do It?,287,"[""CA"",""US"",""GB""]"
0,The Diamond Head Game,0,"[""US""]"
1,Life with Lucy,8,"[""US""]"
0,Morning Express with Robin Meade,0,"[""US""]"
1,The Return of Jezebel James,7,"[""US""]"
2,Mega Man,27,"[""JP"",""US""]"
0,NASCAR Countdown,0,"[""US""]"
1,Storybook Squares,1,"[""US""]"
2,Wow! Wow! Wubbzy!,104,"[""US""]"
0,American Detective,0,"[""US""]"
5,Weird Travels,0,"[""US""]"
1,The Real Wedding Crashers,6,"[""US""]"
5,Pros vs. Joes,46,"[""US""]"
1,Life Is Wild,13,"[""US"",""ZA"",""GB""]"
5,Breaking Bad,62,"[""US""]"
4,Sanctuary,59,"[""CA"",""US""]"
0,Blankety Blanks,0,"[""US""]"
11,Made,111,"[""US""]"
1,Goodnight Burbank,6,"[""US""]"
1,"He Said, She Said",1,"[""US""]"
2,Banacek,16,"[""US""]"
1,Viva Laughlin,2,"[""US""]"
3,Yo Momma,42,"[""US""]"
0,Thursday Night Showcase,0,"[""US""]"
0,MSNBC at the Movies,0,"[""US""]"
0,Weird U.S.,0,"[""US""]"
1,Pointman,24,"[""US""]"
41,Entertainment Tonight,254,"[""US""]"
0,Squawk Box,0,"[""US""]"
6,The Sopranos,86,"[""US""]"
1,Generations,1,"[""US""]"
4,The Brothers García,49,"[""US""]"
6,Gossip Girl,121,"[""US""]"
8,Game of Thrones,73,"[""US""]"
1,Rescue 77,8,"[""US""]"
0,Reverb,0,"[""US""]"
3,The Norm Show,55,"[""US""]"
1,Mighty Ducks: The Animated Series,26,"[""US""]"
1,Square Pegs,20,"[""US""]"
1,Hilary Duff: This Is Now,2,"[""US""]"
2,Eli Stone,26,"[""US""]"
0,VH1 Classic 120 Minutes,0,"[""US""]"
4,Tales from the Darkside,90,"[""US""]"
9,Seinfeld,180,"[""US""]"
7,Marvel's Agents of S.H.I.E.L.D.,136,"[""US""]"
5,Hell on Wheels,57,"[""US""]"
8,Dexter,96,"[""US""]"
7,Sons of Anarchy,92,"[""US""]"
6,Glee,121,"[""US""]"
8,Castle,173,"[""US""]"
11,Modern Family,250,"[""US""]"
9,The Middle,215,"[""US""]"
1,Cosmos: A Personal Voyage,13,"[""US""]"
11,The Walking Dead,177,"[""US""]"
0,Artstar,0,"[""US""]"
8,Homeland,96,"[""US""]"
10,Santa Barbara,2138,"[""US""]"
8,Arrow,170,"[""US""]"
2,Spellbinder,52,"[""US"",""AU"",""PL""]"
19,Grey's Anatomy,419,"[""US""]"
6,House of Cards,73,"[""US""]"
15,CSI: Crime Scene Investigation,335,"[""US""]"
2,Joey,46,"[""US""]"
7,The Good Wife,156,"[""US""]"
6,Justified,78,"[""US""]"
6,The Dead Zone,80,"[""US"",""CA""]"
5,The Wire,60,"[""US""]"
3,Dumbo's Circus,99,"[""US""]"
1,Threshold,13,"[""US""]"
1,Kidnapped,13,"[""US""]"
2,Andy Richter Controls the Universe,19,"[""US""]"
1,"The Adventures of Brisco County, Jr.",27,"[""US""]"
5,21 Jump Street,103,"[""US""]"
21,Jimmy Kimmel Live!,2624,"[""US""]"
1,Time Machine,3,"[""US""]"
12,Paula's Home Cooking,195,"[""US""]"
5,Chuck,91,"[""US""]"
8,House,177,"[""US""]"
2,Revolution,42,"[""US""]"
12,American Horror Story,132,"[""US""]"
7,Ray Donovan,82,"[""US""]"
16,MythBusters,272,"[""US""]"
22,Family Guy,409,"[""US""]"
8,Psych,120,"[""US""]"
3,Mutant X,66,"[""CA"",""US""]"
7,The Closer,109,"[""US""]"
5,Ally McBeal,112,"[""US""]"
3,Spider-Man,77,"[""CA"",""US""]"
0,Studio B with Shepard Smith,0,"[""US""]"
3,Future Weapons,29,"[""US""]"
3,Deadwood,36,"[""US""]"
5,Person of Interest,103,"[""US""]"
7,The Shield,88,"[""US""]"
7,Elementary,154,"[""US""]"
12,The Big Bang Theory,279,"[""US""]"
7,New Girl,146,"[""US""]"
7,Orange Is the New Black,91,"[""US""]"
4,Veronica Mars,72,"[""US""]"
20,American Dad!,354,"[""US""]"
1,Firefly,11,"[""US""]"
6,Here's Lucy,144,"[""US""]"
3,Lady Chatterley's Stories,25,"[""US""]"
4,thirtysomething,85,"[""US""]"
2,Krypto the Superdog,75,"[""CA"",""US""]"
2,Wonder Showzen,16,"[""US""]"
1,Birds of Prey,13,"[""US""]"
3,Kung Fu,62,"[""US""]"
1,Earth 2,22,"[""US""]"
2,Sheep in the Big City,27,"[""US""]"
4,The 4400,44,"[""US""]"
4,Static Shock,52,"[""US""]"
3,Oh Yeah! Cartoons,101,"[""US""]"
7,The Rosie O'Donnell Show,140,"[""US""]"
0,LAPD: Life on the Beat,0,"[""US"",""PT""]"
0,Rox,0,"[""US""]"
2,The Agency,44,"[""US""]"
2,Frisky Dingo,25,"[""US""]"
8,Home Improvement,204,"[""US""]"
1,Crumbs,13,"[""US""]"
4,All of Us,88,"[""US""]"
2,ECW on TNN,59,"[""US""]"
1,The Future Is Wild,13,"[""CA"",""GB"",""US""]"
0,Selena ¡VIVE!,0,"[""US""]"
5,Queer Eye for the Straight Guy,100,"[""US""]"
3,Hope & Faith,73,"[""US""]"
1,Six Degrees,13,"[""US""]"
1,Trollz,27,"[""CA"",""DK"",""LU"",""US""]"
1,The Bedford Diaries,8,"[""US""]"
1,USA Up All Night,2,"[""US""]"
6,Recess,127,"[""US""]"
1,Dog Bites Man,10,"[""US""]"
3,The Adventures of Tintin,39,"[""BE"",""CA"",""FR"",""US""]"
1,Lost,5,"[""GB"",""US""]"
1,Playing It Straight,3,"[""US""]"
0,The Magic Window,0,"[""US""]"
1,Gidget,32,"[""US""]"
2,The Adventures of Twizzle,52,"[""US""]"
2,Space Cases,26,"[""US""]"
2,Phil of the Future,43,"[""US""]"
12,My Three Sons,380,"[""US""]"
4,Robotboy,65,"[""US"",""CA"",""GB"",""FR""]"
3,30 Days,18,"[""US""]"
2,Fillmore!,26,"[""US""]"
25,WWE SmackDown,1242,"[""US""]"
1,Little Rosey,13,"[""US"",""CA""]"
2,Ham on the Street,25,"[""US""]"
20,The Bachelorette,222,"[""US""]"
3,Dragon Tales,95,"[""CA"",""US""]"
2,Joan of Arcadia,45,"[""US""]"
1,The Crocodile Hunter Diaries,13,"[""GB"",""US""]"
3,Ned's Declassified School Survival Guide,55,"[""US""]"
1,PlayMania,1,"[""US""]"
31,Dancing with the Stars,475,"[""US""]"
5,The A-Team,98,"[""US""]"
1,The Weird Al Show,13,"[""US""]"
1,Quark,8,"[""US""]"
4,Starsky & Hutch,92,"[""US""]"
2,"Malibu, CA",52,"[""US""]"
3,CatDog,132,"[""US""]"
4,'Til Death,81,"[""US""]"
1,The Legend of Zelda,13,"[""CA"",""US""]"
4,Out of This World,96,"[""US""]"
3,What a Cartoon!,82,"[""US""]"
11,Ricki Lake,19,"[""US""]"
3,Search for Tomorrow,260,"[""US""]"
1,Final Fu,8,"[""US""]"
1,Stephen King's Kingdom Hospital,14,"[""US""]"
5,Boardwalk Empire,56,"[""US""]"
1,Early Today,1,"[""US""]"
2,My Dad the Rock Star,26,"[""CA"",""GB"",""US""]"
0,Weekend Live,0,"[""US""]"
1,Fantastic Four,20,"[""US""]"
2,Blue Collar TV,43,"[""US""]"
1,Spider-Man: The New Animated Series,13,"[""CA"",""US""]"
1,Studio 60 on the Sunset Strip,22,"[""US""]"
1,L.A. Doctors,24,"[""US""]"
2,Science Fiction Theatre,78,"[""US""]"
2,C.P.O. Sharkey,37,"[""US""]"
1,The $treet,12,"[""US""]"
2,Justice League,50,"[""US""]"
10,CSI: Miami,232,"[""US""]"
2,Kraft Suspense Theatre,59,"[""US""]"
1,The 5 Mrs. Buchanans,18,"[""US""]"
1,North Shore,20,"[""US""]"
0,Surviving Urban Disasters,0,"[""US""]"
1,Courting Alex,12,"[""US""]"
1,Mary-Kate and Ashley in Action,26,"[""US""]"
1,Night Stalker,10,"[""US""]"
5,The Bernie Mac Show,104,"[""US""]"
1,Thunder in Paradise,22,"[""US""]"
0,The Beltway Boys,0,"[""US""]"
3,Chip 'n' Dale Rescue Rangers,65,"[""US""]"
15,Supernatural,327,"[""US""]"
1,Tough Crowd with Colin Quinn,57,"[""US""]"
2,WWE Experience,65,"[""CA"",""US""]"
2,Kappa Mikey,53,"[""US""]"
2,Jenna's American Sex Star,8,"[""US""]"
5,"Go, Diego, Go!",80,"[""US""]"
5,Sliders,87,"[""US""]"
0,ESPNU Recruiting Insider,0,"[""US""]"
5,I Dream of Jeannie,139,"[""US""]"
5,The Six Million Dollar Man,99,"[""US""]"
48,Saturday Night Live,952,"[""US""]"
10,Friends,227,"[""US""]"
6,Kathy Griffin: My Life on the D-List,48,"[""US""]"
3,The Young Riders,68,"[""US""]"
4,The Tracey Ullman Show,81,"[""US""]"
19,Project Runway,263,"[""US""]"
1,Rock Me Baby,22,"[""US""]"
5,Ghost Whisperer,107,"[""US""]"
1,Otherworld,8,"[""US""]"
1,See It Now,0,"[""US""]"
3,Sue Thomas: F.B.Eye,57,"[""CA"",""US""]"
1,Tequila and Bonetti,12,"[""US""]"
5,Providence,96,"[""US""]"
4,Heroes,78,"[""US""]"
4,The Sentinel,65,"[""CA"",""US""]"
13,PBS NewsHour,2591,"[""US""]"
1,"Sex, Love & Secrets",10,"[""US""]"
1,Queen for a Day,1,"[""US""]"
7,The Golden Girls,180,"[""US""]"
3,Trading Spouses,59,"[""US""]"
8,Monk,125,"[""US""]"
9,Last Comic Standing,102,"[""US""]"
3,Just Deal,39,"[""US""]"
2,Mighty Max,40,"[""US""]"
2,The Munsters,70,"[""US""]"
1,Keen Eddie,13,"[""US""]"
1,Woops!,13,"[""US""]"
1,Cold Pizza,26,"[""US""]"
2,Men in Trees,36,"[""US""]"
1,Capital News,13,"[""US""]"
10,Animal Cops: Houston,144,"[""US""]"
6,Johnny Test,234,"[""US"",""CA""]"
2,Super Force,48,"[""US""]"
3,"Honey, I Shrunk the Kids: The TV Show",66,"[""US""]"
5,Fringe,100,"[""US""]"
1,Happy Hour,13,"[""US""]"
4,Early Edition,90,"[""US""]"
1,Tarzan: The Epic Adventures,22,"[""US""]"
4,Four Star Playhouse,129,"[""US""]"
0,All Around Performance Horse Weekly,0,"[""US""]"
10,Overhaulin',121,"[""US""]"
8,The Cosby Show,201,"[""US""]"
1,The Perils of Penelope Pitstop,17,"[""US""]"
2,How to Survive a Marriage,172,"[""US""]"
7,Boy Meets World,158,"[""US""]"
1,Julie,7,"[""US""]"
2,Whatever Happened to... Robot Jones?,26,"[""US""]"
3,The Guardian,67,"[""US""]"
2,USA High,95,"[""US""]"
6,Fame,136,"[""US""]"
1,Starface,5,"[""US""]"
2,Pet Alien,99,"[""US""]"
3,Gargoyles,78,"[""US""]"
1,Call for Help,89,"[""US""]"
0,What's Going On,0,"[""US""]"
3,Dante's Cove,12,"[""CA"",""US""]"
1,Complete Savages,19,"[""US""]"
1,Miami Animal Police,14,"[""US""]"
3,As Told by Ginger,44,"[""US""]"
3,Johnny and the Sprites,65,"[""US""]"
3,Flavor of Love,39,"[""US""]"
1,Dot Comedy,5,"[""US""]"
1,In Case of Emergency,13,"[""US""]"
1,Defenders of the Earth,65,"[""US""]"
1,Help Me Help You,11,"[""US""]"
4,The Pretender,86,"[""US""]"
66,Today,15704,"[""US""]"
1,Twenty Good Years,9,"[""US""]"
1,Skeleton Warriors,13,"[""US""]"
6,Foster's Home for Imaginary Friends,79,"[""US""]"
1,Wanda Does It,6,"[""US""]"
0,Free 4 All,0,"[""US""]"
2,Flight 29 Down,26,"[""US""]"
8,According to Jim,182,"[""US""]"
0,The Wedding Album,0,"[""US""]"
4,"Doogie Howser, M.D.",97,"[""US""]"
1,Boohbah,104,"[""US"",""GB""]"
3,Beyond the Break,34,"[""US""]"
3,Braceface,78,"[""CA"",""US""]"
7,Bobby's World,81,"[""US""]"
30,ABC World News,55,"[""US""]"
4,Zoey 101,65,"[""US""]"
9,Little House on the Prairie,204,"[""US""]"
8,Perfect Strangers,150,"[""US""]"
23,Family Feud,128,"[""US""]"
3,Jackass,25,"[""US""]"
9,The Facts of Life,201,"[""US""]"
4,Lexx,61,"[""DE"",""US"",""GB"",""CA""]"
2,The Good Guys,42,"[""US""]"
1,The Alvin Show,26,"[""US""]"
0,Friday Night Slimetime,0,"[""US""]"
2,Histeria!,52,"[""US""]"
1,Miracles,13,"[""US""]"
1,MTV's The 70s House,9,"[""US""]"
4,LazyTown,78,"[""US""]"
1,Hey Joel,13,"[""US""]"
1,Tanner '88,12,"[""US""]"
1,Skate,12,"[""US""]"
3,Captain N: The Game Master,34,"[""CA"",""US"",""JP""]"
3,The Lucy–Desi Comedy Hour,13,"[""US""]"
7,WCW Monday Nitro,292,"[""US""]"
0,50 Greatest Game Shows of All Time,0,"[""US""]"
7,Benson,158,"[""US""]"
3,My Two Dads,60,"[""US""]"
1,Quack Pack,39,"[""US""]"
1,Road Tasted,16,"[""US""]"
3,What's Happening!!,65,"[""US""]"
1,E-Ring,22,"[""US""]"
1,Sons & Daughters,11,"[""US""]"
1,Baseball Tonight,1,"[""US""]"
1,Emily's Reasons Why Not,1,"[""US""]"
3,Tutenstein,39,"[""US""]"
6,The Fresh Prince of Bel-Air,148,"[""US""]"
35,LIVE with Kelly and Mark,6005,"[""US""]"
0,The Moxy Show,0,"[""US""]"
3,Tiny Toon Adventures,98,"[""US""]"
1,Lipshitz Saves the World,1,"[""US""]"
1,The Bugaloos,17,"[""US""]"
4,Caroline in the City,97,"[""US""]"
3,Work Out,23,"[""US""]"
8,Dog the Bounty Hunter,221,"[""US""]"
2,Rome,22,"[""US""]"
16,America's Most Wanted,438,"[""US""]"
5,The Odd Couple,114,"[""US""]"
5,Peep and the Big Wide World,119,"[""CA"",""US""]"
1,Smith,7,"[""US""]"
2,George and Martha,26,"[""CA"",""US""]"
10,The Love Boat,251,"[""US""]"
5,"Love, American Style",356,"[""US""]"
1,Mr. Lucky,34,"[""US""]"
4,Kenan & Kel,62,"[""US""]"
2,The Critic,23,"[""US""]"
1,The Underground,10,"[""US""]"
7,Star Trek: Voyager,172,"[""US""]"
1,Jack & Bobby,22,"[""US""]"
1,The Shining,3,"[""US""]"
5,Phineas and Ferb,224,"[""US""]"
0,High School Showcase,0,"[""US""]"
1,Roughnecks: Starship Troopers Chronicles,40,"[""US""]"
1,Odyssey 5,20,"[""CA"",""US""]"
2,A.T.O.M. - Alpha Teens on Machines,52,"[""US""]"
5,Miami Vice,111,"[""US""]"
3,The Greatest American Hero,45,"[""US""]"
3,The Twilight Zone,110,"[""US""]"
3,Twin Peaks,48,"[""US""]"
1,Survival of the Richest,6,"[""US""]"
6,Disney's Adventures of the Gummi Bears,95,"[""US""]"
3,Most Evil,38,"[""US""]"
4,Meerkat Manor,52,"[""GB"",""US""]"
2,Baywatch Nights,44,"[""US""]"
4,Everwood,89,"[""US""]"
2,"Beg, Borrow & Deal",15,"[""US""]"
1,VR.5,13,"[""US""]"
0,Monday Night Baseball,0,"[""US""]"
4,Hogan Knows Best,42,"[""US""]"
6,Pimp My Ride,73,"[""US""]"
8,Charmed,178,"[""US""]"
14,Rachael Ray,1324,"[""US""]"
3,Strangers with Candy,31,"[""US""]"
0,Creature Double Feature,0,"[""US""]"
9,All in the Family,210,"[""US""]"
9,The Beverly Hillbillies,274,"[""US""]"
5,227,116,"[""US""]"
10,Mystery Science Theater 3000,176,"[""US""]"
3,So Weird,65,"[""US""]"
1,Night Flight,1,"[""US""]"
6,Nashville Star,52,"[""US""]"
9,24,204,"[""US""]"
3,Keyshia Cole: The Way It Is,24,"[""US""]"
5,Moonlighting,66,"[""US""]"
6,The Situation Room With Wolf Blitzer,1087,"[""US""]"
1,24: Conspiracy,24,"[""US""]"
12,Bones,246,"[""US""]"
2,2 Stupid Dogs,39,"[""US""]"
3,Gilligan's Island,98,"[""US""]"
2,Checkmate,69,"[""US""]"
1,Harsh Realm,9,"[""CA"",""US""]"
1,Kissyfur,35,"[""US""]"
50,Dick Clark's New Year's Rockin' Eve with Ryan Seacrest,59,"[""US""]"
1,Dave the Barbarian,41,"[""CA"",""US""]"
6,The Bob Newhart Show,142,"[""US""]"
4,This Week,86,"[""US""]"
2,Loonatics Unleashed,26,"[""US""]"
1,Wonderfalls,13,"[""CA"",""US""]"
1,Living Dolls,12,"[""US""]"
2,Star Trek: The Animated Series,22,"[""US""]"
3,Eve,65,"[""US""]"
6,The Flintstones,166,"[""US""]"
4,Nanny 911,48,"[""US""]"
1,America 2-Night,65,"[""US""]"
5,Pardon the Interruption,100,"[""US""]"
2,The Nick Cannon Show,23,"[""US""]"
6,The Larry Sanders Show,90,"[""US""]"
5,That Girl,137,"[""US""]"
4,Ed,83,"[""US""]"
0,American Idol Extra,0,"[""US""]"
3,This Week in Politics,105,"[""US""]"
4,Chico and the Man,88,"[""US""]"
8,Entourage,96,"[""US""]"
1,Traveler,8,"[""US""]"
0,Sunday NFL Countdown,0,"[""US""]"
11,The Jeffersons,253,"[""US""]"
4,Battlestar Galactica,73,"[""US"",""CA"",""GB""]"
4,ThunderCats,130,"[""US""]"
2,The Comeback,21,"[""US""]"
2,Sports Night,45,"[""US""]"
1,Doggy Fizzle Televizzle,8,"[""US""]"
2,Phantom 2040,35,"[""US"",""FR""]"
26,The People's Court,1194,"[""US""]"
10,"Beverly Hills, 90210",293,"[""US""]"
1,Supergroup,7,"[""US""]"
1,Mission Hill,13,"[""US""]"
3,South of Nowhere,40,"[""US""]"
2,Class of 3000,25,"[""US""]"
4,Batman: The Animated Series,85,"[""US""]"
2,Flamingo Road,37,"[""US""]"
3,Rocket Power,119,"[""US""]"
1,Saved by the Bell: The College Years,19,"[""US""]"
6,Judging Amy,138,"[""US""]"
1,Drive,6,"[""US""]"
22,20/20,632,"[""US""]"
5,Alias,105,"[""US""]"
30,The Price Is Right,2504,"[""US""]"
5,Silver Spoons,116,"[""US""]"
1,Skunked TV,1,"[""US""]"
4,Courage the Cowardly Dog,102,"[""US""]"
4,The New Adventures of Winnie the Pooh,82,"[""US""]"
0,CD USA,0,"[""US""]"
5,Hey Dude,65,"[""US""]"
5,The Batman,65,"[""US""]"
2,Mysterious Ways,44,"[""CA"",""US""]"
1,Wuzzles,13,"[""US""]"
4,Drake & Josh,57,"[""US""]"
1,Heist,6,"[""US""]"
3,The Showbiz Show with David Spade,38,"[""US""]"
3,Star Gazers,9,"[""US""]"
9,Matlock,194,"[""US""]"
2,Kenny the Shark,52,"[""US""]"
7,Malcolm in the Middle,151,"[""US""]"
1,Greed,44,"[""US""]"
6,Mama's Family,130,"[""US""]"
2,Scariest Places on Earth,45,"[""US""]"
1,Summer House,1,"[""US""]"
2,The Single Guy,44,"[""US""]"
2,Darcy's Wild Life,33,"[""CA"",""US""]"
1,Austin Stories,12,"[""US""]"
1,Miss Match,18,"[""US""]"
1,The New Andy Griffith Show,9,"[""US""]"
15,Fox News Sunday,706,"[""US""]"
7,Crank Yankers,108,"[""US""]"
0,Set for Life,0,"[""US""]"
8,Simon & Simon,157,"[""US""]"
2,Sanford,26,"[""US""]"
3,The Flying Nun,82,"[""US""]"
1,Crusade,13,"[""US""]"
5,The Dick Van Dyke Show,158,"[""US""]"
6,The Lucy Show,156,"[""US""]"
8,Alvin and the Chipmunks,172,"[""US""]"
1,The Marvel Super Heroes,195,"[""CA"",""US""]"
7,Cold Case,156,"[""US""]"
8,"Quincy, M.E.",148,"[""US""]"
4,Route 66,116,"[""US""]"
16,Sidewalks Entertainment,229,"[""US""]"
6,Reno 911!,88,"[""US""]"
3,Robotech,85,"[""US""]"
3,Jumanji,40,"[""US""]"
13,King of the Hill,255,"[""US""]"
5,The Brady Bunch,117,"[""US""]"
2,Big Bad Beetleborgs,88,"[""US""]"
1,The Chronicle,22,"[""US""]"
9,Everybody Loves Raymond,210,"[""US""]"
1,Two of a Kind,22,"[""US""]"
1,Fastlane,22,"[""US""]"
2,The Torkelsons,33,"[""US""]"
0,PINAGMULAN: The Journey Home,0,"[""US""]"
25,Arthur,493,"[""CA"",""US""]"
4,The Tyra Banks Show,506,"[""US""]"
0,College University,0,"[""US""]"
1,The Adventures of Teddy Ruxpin,65,"[""US""]"
3,Just the Ten of Us,47,"[""US""]"
9,One Day at a Time,210,"[""US""]"
2,101 Dalmatians: The Series,105,"[""US""]"
2,Life with Bonnie,44,"[""US""]"
1,Master of Champions,6,"[""US""]"
4,Airwolf,80,"[""US""]"
3,The Adventures of Jimmy Neutron: Boy Genius,76,"[""US""]"
1,Four Kings,13,"[""US""]"
1,History IQ,1,"[""US""]"
1,The Scooby-Doo/Dynomutt Hour,24,"[""US""]"
1,Dinosaucers,65,"[""JP"",""CA"",""US""]"
0,Your Business,0,"[""US""]"
0,Back in the Day,0,"[""US""]"
3,Land of the Lost,43,"[""US""]"
1,The Others,13,"[""US""]"
25,30 Minute Meals,857,"[""US""]"
4,"¿Qué Pasa, USA?",39,"[""US""]"
1,Monty Python's Personal Best,6,"[""US"",""GB""]"
5,Daria,65,"[""US""]"
2,Wishbone,50,"[""US""]"
0,Cashin' In,0,"[""US""]"
1,"Lancelot Link, Secret Chimp",17,"[""US""]"
2,Cartoon Planet,28,"[""US""]"
1,Cutter to Houston,9,"[""US""]"
6,Maude,141,"[""US""]"
1,Capitol Critters,13,"[""US""]"
2,Tru Calling,26,"[""US""]"
26,South Park,321,"[""US""]"
2,Scout's Safari,26,"[""US"",""ZA""]"
2,"Hi Honey, I'm Home!",13,"[""US""]"
1,Running the Halls,13,"[""US""]"
29,The Daily Show,3862,"[""US""]"
1,Brimstone,13,"[""US""]"
1,Who Wants to Be a Super Millionaire,0,"[""US""]"
3,Sunset Beach,755,"[""US""]"
3,Crime & Punishment,27,"[""US""]"
2,The War at Home,44,"[""US""]"
3,Friday the 13th: The Series,72,"[""US"",""CA""]"
4,The Care Bears,98,"[""US"",""CA""]"
4,Home Movies,52,"[""US""]"
0,WWE Byte This!,0,"[""US""]"
0,Bargain Hunters,0,"[""US""]"
5,The Arsenio Hall Show,5,"[""US""]"
2,Grown Ups,30,"[""US""]"
9,The F.B.I.,241,"[""US""]"
10,Who Wants to Be a Millionaire?,1060,"[""US""]"
2,Movie Surfers,18,"[""US""]"
2,Noah's Arc,19,"[""US""]"
9,Touched by an Angel,212,"[""US""]"
0,The Most with Alison Stewart,0,"[""US""]"
1,Freak Show,7,"[""US""]"
0,Vagabond 7,0,"[""US""]"
2,War of the Worlds,44,"[""CA"",""US""]"
1,Fred and Barney Meet The Thing,26,"[""US""]"
5,Tortellini Western,62,"[""US""]"
3,seaQuest DSV,58,"[""US""]"
5,Stargate Atlantis,100,"[""CA"",""US""]"
2,The Loop,17,"[""US""]"
18,Nick Cannon Presents: Wild 'N Out,314,"[""US""]"
3,Brotherhood,29,"[""US""]"
1,The Mickey Mouse Club,103,"[""US""]"
26,The View,4471,"[""US""]"
4,The Division,88,"[""US""]"
4,Pinky and the Brain,95,"[""US""]"
1,Tattooed Teenage Alien Fighters from Beverly Hills,40,"[""US""]"
2,Exit 57,12,"[""US""]"
31,The Tonight Show Starring Johnny Carson,2510,"[""US""]"
2,Fatherhood,26,"[""US""]"
1,Relativity,16,"[""US""]"
2,The Head,19,"[""US""]"
3,Batman,120,"[""US""]"
5,Prison Break,88,"[""US""]"
2,Maximum Exposure,52,"[""US""]"
1,Tarzan,8,"[""US""]"
2,Goof Troop,78,"[""US""]"
5,Taxi,114,"[""US""]"
3,The Bionic Woman,58,"[""US""]"
7,Teenage Mutant Ninja Turtles,154,"[""US""]"
7,The Real Ghostbusters,140,"[""US""]"
3,Smart Guy,51,"[""US""]"
5,Viva La Bam,40,"[""US""]"
4,China Beach,64,"[""US""]"
1,Legend,13,"[""US""]"
5,The Wayans Bros.,102,"[""US""]"
0,Fox Report,0,"[""US""]"
0,Desafio de Estrellas,0,"[""US""]"
2,The Ripping Friends,15,"[""US"",""CA""]"
1,The Beat,13,"[""US""]"
3,Mickey Mouse Works,105,"[""US""]"
0,60 Minutes II,0,"[""US""]"
2,The Zack Files,52,"[""US"",""CA""]"
6,The Nanny,145,"[""US""]"
6,Spin City,145,"[""US""]"
1,Reunion,13,"[""US""]"
0,Canapé,0,"[""US""]"
1,Mary Kay and Johnny,1,"[""US""]"
44,This Old House,1136,"[""US""]"
2,The Legend of Tarzan,39,"[""US""]"
3,Danny Phantom,49,"[""US""]"
4,My Name Is Earl,96,"[""US""]"
4,The Unit,69,"[""US""]"
1,Dead at 21,13,"[""US""]"
1,Greg Behrendt's Wake Up Call,6,"[""US""]"
6,Dawson's Creek,128,"[""US""]"
30,Power Rangers,963,"[""US""]"
2,L.A. Heat,48,"[""US""]"
5,For Your Love,87,"[""US""]"
1,TransGeneration,8,"[""US""]"
1,Lovespring International,13,"[""US""]"
1,Tracker,22,"[""US""]"
0,Fox News Live,0,"[""US""]"
0,NASCAR Victory Lane,0,"[""US""]"
1,Freaks and Geeks,18,"[""US""]"
3,Beauty and the Beast,56,"[""US""]"
5,The Jamie Foxx Show,100,"[""US""]"
1,Matt Helm,13,"[""US""]"
1,Spyder Games,65,"[""US""]"
3,The Jetsons,75,"[""US""]"
1,Delta,22,"[""US""]"
4,Knight Rider,90,"[""US""]"
8,Girlfriends,172,"[""US""]"
2,Huff,26,"[""US""]"
12,Hawaii Five-O,284,"[""US""]"
9,The Office,186,"[""US""]"
3,My Secret Identity,72,"[""CA"",""US""]"
4,Kim Possible,86,"[""US""]"
0,Whew!,0,"[""US""]"
2,Lilo & Stitch: The Series,65,"[""US""]"
1,The Sinbad Show,26,"[""US""]"
2,A Cook's Tour,35,"[""US""]"
1,The Adventures of Mary-Kate & Ashley,0,"[""US""]"
21,Hell's Kitchen,330,"[""US""]"
1,The Fantastic Four,13,"[""US""]"
1,The Tracy Morgan Show,18,"[""US""]"
5,Las Vegas,106,"[""US""]"
7,Tales from the Crypt,93,"[""US""]"
9,Punk'd,77,"[""US""]"
5,The Wild Thornberrys,91,"[""US""]"
5,Highway to Heaven,111,"[""US""]"
1,Leader Dog,6,"[""US""]"
5,The Streets of San Francisco,119,"[""US""]"
6,Crossing Jordan,117,"[""US""]"
1,Downtown,13,"[""US""]"
2,Dark Angel,42,"[""US""]"
1,Pinky Dinky Doo,52,"[""US""]"
1,Taken,10,"[""US""]"
5,106 & Park,92,"[""US""]"
9,CSI: NY,197,"[""US""]"
1,Deadline,13,"[""US""]"
2,Sonic the Hedgehog,26,"[""US""]"
4,Johnny Bravo,181,"[""US""]"
7,The Venture Bros.,81,"[""US""]"
4,Aaahh!!! Real Monsters,102,"[""US""]"
1,Frank's Place,22,"[""US""]"
1,Committed,13,"[""US""]"
4,Wildfire,51,"[""US""]"
1,In Justice,13,"[""US""]"
3,Disney's House of Mouse,52,"[""US""]"
4,Mind of Mencia,54,"[""US""]"
2,Sleeper Cell,18,"[""US""]"
8,Diff'rent Strokes,189,"[""US""]"
5,"Gomer Pyle, U.S.M.C.",150,"[""US""]"
2,The Montel Williams Show,8,"[""US""]"
1,Conviction,13,"[""US""]"
2,Dynomutt: Dog Wonder,24,"[""US""]"
6,Celebrity Deathmatch,95,"[""US""]"
5,Angel,110,"[""US""]"
2,Buck Rogers in the 25th Century,37,"[""US""]"
1,Free Ride,6,"[""US""]"
2,The Pebbles and Bamm-Bamm Show,20,"[""US""]"
9,Coach,200,"[""US""]"
2,The Sharon Osbourne Show,41,"[""GB"",""US""]"
0,Forbes on Fox,0,"[""US""]"
8,Wings,172,"[""US""]"
2,"Good Morning, Miami",40,"[""US""]"
1,"Hit Me, Baby, One More Time",5,"[""GB"",""US""]"
4,Mork & Mindy,95,"[""US""]"
3,How the West Was Won,28,"[""US""]"
6,Sanford and Son,136,"[""US""]"
5,Head of the Class,114,"[""US""]"
1,Stroker and Hoop,14,"[""US""]"
7,Without a Trace,160,"[""US""]"
2,Degrassi Unscripted,8,"[""US""]"
1,Dino-Riders,14,"[""US""]"
2,Dead Like Me,29,"[""US""]"
2,Between Brothers,17,"[""US""]"
1,Stargate Infinity,26,"[""US""]"
1,Sale of the Century,1,"[""US""]"
1,Fat Actress,7,"[""US""]"
6,"Dr. Katz, Professional Therapist",81,"[""US""]"
21,The Tonight Show with Jay Leno,2642,"[""US""]"
1,Hercules,65,"[""US""]"
2,The Oblongs,13,"[""US""]"
2,Bosom Buddies,38,"[""US""]"
2,"Frankenstein, Jr. and The Impossibles",73,"[""US""]"
0,The Floppy Show,0,"[""US""]"
14,Knots Landing,344,"[""US""]"
4,Monster House,83,"[""US""]"
1,The Planet's Funniest Animals,6,"[""GB"",""US""]"
4,Punky Brewster,91,"[""US""]"
2,The World Series of Pop Culture,15,"[""US""]"
11,Dirty Jobs,162,"[""US""]"
4,The Boondocks,55,"[""US""]"
19,Deadliest Catch,315,"[""US""]"
2,Ned and Stacey,46,"[""US""]"
1,My Big Fat Obnoxious Boss,10,"[""US""]"
3,The Bill Engvall Show,30,"[""US""]"
8,Face the Nation,264,"[""US""]"
1,The Apprentice: Martha Stewart,13,"[""US""]"
0,NewsNight with Aaron Brown,0,"[""US""]"
9,Family Matters,215,"[""US""]"
9,The Universe,88,"[""US""]"
8,Diagnosis: Murder,178,"[""US""]"
1,The Super Globetrotters,13,"[""US""]"
1,The Centurions,65,"[""US""]"
3,Doctor Doctor,40,"[""US""]"
1,Fashion House,74,"[""US""]"
1,A Thousand and One... Americas,26,"[""US"",""ES""]"
4,The O.C.,92,"[""US""]"
1,Mister Sterling,10,"[""US""]"
1,That '80s Show,13,"[""US""]"
12,Two and a Half Men,262,"[""US""]"
5,My Wife and Kids,123,"[""US""]"
7,Step by Step,160,"[""US""]"
0,Sunday Night Sex Show,0,"[""US"",""CA""]"
0,Gulf Coast Congressional Report,0,"[""US""]"
6,Rolie Polie Olie,79,"[""CA"",""US"",""FR"",""GB""]"
4,Profiler,83,"[""US""]"
1,"Herbie, the Love Bug",5,"[""US""]"
3,The Little Mermaid,31,"[""US""]"
8,Three's Company,171,"[""US""]"
2,Sparks,40,"[""US""]"
2,Surfside 6,74,"[""US""]"
0,Cash and Carry,0,"[""US""]"
2,Toopy and Binoo,12,"[""CA"",""FR"",""US"",""GB""]"
6,Codename: Kids Next Door,139,"[""US""]"
2,Off Centre,28,"[""US""]"
1,Twenty One,1,"[""US""]"
4,Tracey Takes On...,50,"[""US""]"
6,Hang Time,104,"[""US""]"
2,Homefront,42,"[""US""]"
5,Samurai Jack,60,"[""US""]"
1,Sanford Arms,8,"[""US""]"
14,Road Rules,235,"[""US""]"
24,Law & Order: Special Victims Unit,538,"[""US""]"
7,Rules of Engagement,100,"[""US""]"
1,Rambo,65,"[""US""]"
1,MSNBC Live,1,"[""US""]"
1,The Travels of Jaimie McPheeters,26,"[""US""]"
2,Tom Goes to the Mayor,30,"[""US""]"
1,In a Heartbeat,21,"[""CA"",""US""]"
0,MLS ExtraTime,0,"[""US""]"
5,The Screen Savers,158,"[""US""]"
3,Aladdin,86,"[""US""]"
0,Take the Cake,0,"[""US""]"
1,Heartland,10,"[""US""]"
1,The Gary Coleman Show,26,"[""US""]"
1,Face to Face,1,"[""US""]"
3,Hearts Afire,54,"[""US""]"
2,General Hospital: Night Shift,24,"[""US""]"
1,Sons of Thunder,6,"[""US""]"
6,Endurance,96,"[""US""]"
2,Web Junk 20,19,"[""US""]"
10,Space Ghost Coast to Coast,115,"[""US""]"
10,Roseanne,231,"[""US""]"
16,It's Always Sunny in Philadelphia,162,"[""US""]"
2,Salvage 1,20,"[""US""]"
2,Where I Live,21,"[""US""]"
1,The Mystic Knights of Tir Na Nog,50,"[""US""]"
6,I Love Lucy,180,"[""US""]"
1,Short Circuitz,8,"[""US""]"
0,The Family Game,0,"[""US""]"
4,The New Alfred Hitchcock Presents,76,"[""US""]"
3,Making the Band,45,"[""US""]"
0,Play Your Hunch,0,"[""US""]"
4,The Untouchables,118,"[""US""]"
7,CNN Presents,75,"[""US""]"
3,Perfect Hair Forever,9,"[""US""]"
4,Cybill,87,"[""US""]"
1,El Gordo y la Flaca,0,"[""US""]"
1,TaleSpin,65,"[""US""]"
1,Three Moons Over Milford,8,"[""US""]"
1,Paper Dolls,14,"[""US""]"
2,Samantha Who?,35,"[""US""]"
2,Flight of the Conchords,22,"[""US""]"
1,Inconceivable,10,"[""US""]"
40,Wheel of Fortune,2157,"[""US""]"
1,Action,13,"[""US""]"
5,The Contender,65,"[""US""]"
3,Ace Ventura: Pet Detective,39,"[""CA"",""US""]"
1,Welcome to Pooh Corner,1,"[""US""]"
3,The State,24,"[""US""]"
0,Horizonte,0,"[""US""]"
0,Missing Link,0,"[""US""]"
1,The New Adventures of He-Man,65,"[""US""]"
0,Unscripted with Chris Connelly,0,"[""US""]"
3,Prom Queen,117,"[""US""]"
14,History's Mysteries,199,"[""US""]"
2,The Wayne Brady Show,11,"[""US""]"
0,Hardwood Classics,0,"[""US""]"
5,Soul Food,74,"[""US""]"
0,La Traición,0,"[""US"",""CO""]"
6,Totally Spies!,156,"[""FR"",""US""]"
8,Mannix,194,"[""US""]"
0,Lou Dobbs Tonight,0,"[""US""]"
4,Felicity,84,"[""US""]"
3,Dragon Booster,40,"[""US"",""CA""]"
1,It's About Time,26,"[""US""]"
0,Funday PawPet Show,0,"[""US""]"
1,"Mike Hammer, Private Eye",26,"[""US""]"
3,Flipper,88,"[""US""]"
3,WWE Confidential,80,"[""US""]"
1,Vampire High,25,"[""CA"",""US""]"
1,Open Bar,4,"[""US""]"
3,LateLine,26,"[""US""]"
2,Two-A-Days,19,"[""US""]"
1,Family Dog,11,"[""US""]"
1,Ellen's Acres,17,"[""US""]"
0,Marina,0,"[""US""]"
0,Shadows,0,"[""US""]"
2,Politically Incorrect,3,"[""US""]"
1,Leeza,1,"[""US""]"
7,MacGyver,139,"[""US""]"
2,Emergency +4,23,"[""US""]"
0,Cavuto on Business,0,"[""US""]"
0,Tenko and the Guardians of the Magic,0,"[""US"",""JP""]"
7,Empty Nest,170,"[""US""]"
3,The Adventures of Pete & Pete,38,"[""US""]"
1,Return of the Saint,24,"[""GB"",""US""]"
5,Earth: Final Conflict,110,"[""CA"",""US""]"
0,Faith Under Fire,0,"[""US""]"
1,Fraggle Rock: The Animated Series,25,"[""US""]"
1,Dice: Undisputed,7,"[""US""]"
1,The Book of Daniel,4,"[""US""]"
3,Love of Life,219,"[""US""]"
12,Dark Shadows,1225,"[""US""]"
12,What Not to Wear,325,"[""US""]"
1,The Rich List,1,"[""US""]"
0,Monster Sunday School,0,"[""US""]"
4,Small Wonder,98,"[""US""]"
2,Fantastic Four,26,"[""US""]"
1,Café Americain,18,"[""US""]"
2,The Ropers,28,"[""US""]"
3,The Hardy Boys / Nancy Drew Mysteries,46,"[""US""]"
1,"Push, Nevada",7,"[""US""]"
3,Unfabulous,41,"[""US""]"
1,Desire,65,"[""US""]"
1,"Lucy, the Daughter of the Devil",11,"[""US""]"
2,The New Adventures of Gilligan,32,"[""US""]"
1,Big Shots,11,"[""US""]"
1,Eye Drops,12,"[""US""]"
39,Jeopardy!,7891,"[""US""]"
8,Storm Stories,43,"[""US""]"
7,Are You Afraid of the Dark?,91,"[""CA"",""US""]"
1,Peacemakers,10,"[""US""]"
1,Jabberjaw,16,"[""US""]"
0,Imus in the Morning,0,"[""US""]"
7,CNN Special Investigations Unit,53,"[""US""]"
5,Fraggle Rock,95,"[""US""]"
1,It's All Relative,22,"[""US""]"
7,The Mary Tyler Moore Show,168,"[""US""]"
2,Crime Story,43,"[""US""]"
1,As If,7,"[""US""]"
0,ABC 2000 Today,0,"[""US""]"
0,Hanna–Barbera's World of Super Adventure,0,"[""US""]"
0,The Pat Sajak Show,0,"[""US""]"
5,MXC,81,"[""US"",""JP""]"
2,AfterMASH,31,"[""US""]"
5,Queer As Folk,83,"[""US""]"
7,Burn Notice,111,"[""US""]"
9,Soundstage,96,"[""US""]"
7,Today's Special,121,"[""US"",""CA""]"
2,The Riches,20,"[""US""]"
1,Invasion,22,"[""US""]"
4,The Tudors,38,"[""US""]"
7,Veep,65,"[""US""]"
0,Iranican,0,"[""US""]"
0,Mad Money,0,"[""US""]"
1,Tales of the Gold Monkey,22,"[""US""]"
1,Cobra,22,"[""US""]"
0,Hannity's America,0,"[""US""]"
4,BeastMaster,67,"[""AU"",""CA"",""US""]"
2,Your World with Neil Cavuto,2,"[""US""]"
0,NASCAR Inside Nextel Cup,0,"[""US""]"
12,Everyday Italian,198,"[""US""]"
1,Annette,20,"[""US""]"
0,Where the Hell Are We and What Day Is It... This Is Static-X,0,"[""US""]"
12,Cyberchase,109,"[""CA"",""US""]"
5,Andromeda,110,"[""US"",""CA""]"
0,Wednesday Night Hoops,0,"[""US""]"
1,TV Funhouse,8,"[""US""]"
4,The Cramp Twins,50,"[""US""]"
0,Jacqueline Susann's Open Door,0,"[""US""]"
2,Growing Up Creepie,26,"[""US""]"
2,He-Man and the Masters of the Universe,39,"[""US""]"
6,WWE Tough Enough,70,"[""US""]"
1,Far Out Space Nuts,15,"[""US""]"
0,A Star Spangled Salute,0,"[""US""]"
1,A New Kind of Family,11,"[""US""]"
1,Stripperella,13,"[""US""]"
0,Arena Football League on ESPN,0,"[""US""]"
3,Shootout!,23,"[""US""]"
4,Lloyd in Space,39,"[""US""]"
3,Parker Lewis Can't Lose,73,"[""US""]"
0,100 Biggest Weather Moments,0,"[""US""]"
1,Match Game-Hollywood Squares Hour,1,"[""US""]"
1,Gillette Cavalcade of Sports,1,"[""US""]"
1,Twins,18,"[""US""]"
1,Snoops,13,"[""US""]"
3,12 oz. Mouse,31,"[""US""]"
1,Abby,10,"[""US""]"
0,Live Hot Puppet Chat,0,"[""US""]"
1,The Golden Palace,24,"[""US""]"
2,Little Einsteins,67,"[""JP"",""US""]"
8,Newhart,184,"[""US""]"
1,Watch Mr. Wizard,6,"[""US""]"
9,Rugrats,322,"[""US""]"
1,Bam's Unholy Union,9,"[""US""]"
1,American Morning,1,"[""US""]"
0,ESPN Major League Baseball,0,"[""US""]"
8,The Practice,168,"[""US""]"
2,The Dating Game,259,"[""US""]"
1,The Superman/Aquaman Hour of Adventure,18,"[""US""]"
1,David Rocco's Dolce Vita,13,"[""CA"",""IT"",""US""]"
4,Richie Rich,38,"[""US""]"
8,Laverne & Shirley,178,"[""US""]"
3,Lost in Space,83,"[""US""]"
4,Sensing Murder,33,"[""AU"",""NZ"",""US""]"
1,Identity,11,"[""US""]"
2,Iron Man,26,"[""US""]"
4,Superjail!,36,"[""US""]"
7,3-2-1 Contact,223,"[""US""]"
1,Billy,13,"[""US""]"
3,Texas,273,"[""US""]"
1,Flying Blind,21,"[""US""]"
1,Get Real,22,"[""US""]"
4,Cheap Seats,79,"[""US""]"
5,Hart to Hart,110,"[""US""]"
1,Cavemen,13,"[""US""]"
3,The Chris Isaak Show,47,"[""US"",""CA""]"
1,The Winner,6,"[""US""]"
1,30 Seconds to Fame,16,"[""US""]"
1,Journeyman,13,"[""US""]"
3,Country Fried Home Videos,29,"[""US""]"
1,Jacob and Joshua: Nemesis Rising,5,"[""US""]"
3,Star Wars: Clone Wars,25,"[""US""]"
2,Popular,43,"[""US""]"
1,Payne,9,"[""US""]"
0,Design e2,0,"[""US""]"
1,Quintuplets,22,"[""US""]"
7,Gene Simmons: Family Jewels,143,"[""US""]"
3,Even Stevens,65,"[""US""]"
1,Canterbury's Law,6,"[""US""]"
6,Bananas in Pyjamas,307,"[""AU"",""GB"",""US""]"
1,NASCAR in Primetime,4,"[""US""]"
4,Gullah Gullah Island,17,"[""US""]"
0,Kudlow & Cramer,0,"[""US""]"
1,The Will,7,"[""US""]"
3,Women: Stories of Passion,39,"[""US""]"
3,Jem,75,"[""US""]"
1,Space Precinct,24,"[""GB"",""US""]"
1,Online Nation,4,"[""US""]"
0,Computer Doctor,0,"[""US""]"
1,All's Fair,24,"[""US""]"
2,The Bob Clampett Show,26,"[""US""]"
1,Maximum Bob,7,"[""US""]"
0,Washington Journal,0,"[""US""]"
8,Silk Stalkings,177,"[""US""]"
2,Angie,36,"[""US""]"
2,True Colors,45,"[""US""]"
5,Babylon 5,110,"[""US""]"
0,Conservative Roundtable,0,"[""US""]"
0,The Lawrence Welk Show,0,"[""US""]"
11,The Early Show,2439,"[""US""]"
6,Private Practice,111,"[""US""]"
1,Arrest and Trial,31,"[""US""]"
1,Passport to Latin America,19,"[""US""]"
1,The Next Best Thing,8,"[""US""]"
0,Peachdale,0,"[""US""]"
2,Clifford's Puppy Days,40,"[""US""]"
2,The Wubbulous World of Dr. Seuss,46,"[""US""]"
7,"Marcus Welby, M.D.",171,"[""US""]"
4,Baretta,83,"[""US""]"
1,SPEED Center,2,"[""US""]"
1,Kaz,22,"[""US""]"
1,Fast Money,1,"[""US""]"
1,Celebrity Duets,9,"[""US""]"
3,Rude Awakening,55,"[""US""]"
1,Best of the West,22,"[""US""]"
2,Growing Up Gotti,28,"[""US""]"
0,The Better Sex,0,"[""US""]"
1,3 lbs,8,"[""US""]"
1,Watch Over Me,64,"[""US""]"
1,Garbage Pail Kids,13,"[""US"",""CA""]"
3,North and South,15,"[""US""]"
1,Decisiones,1,"[""US"",""MX""]"
1,RoboCop: Alpha Commando,40,"[""US"",""CA""]"
1,Just Legal,9,"[""US""]"
1,Manimal,8,"[""US""]"
3,T. and T.,65,"[""CA"",""US""]"
1,American Heiress,22,"[""US""]"
5,Icons,88,"[""US""]"
3,Rescue Heroes,11,"[""US"",""CA""]"
10,Murphy Brown,247,"[""US""]"
0,Fridays,0,"[""US""]"
1,The Martian Chronicles,3,"[""US""]"
1,The Ellen Show,18,"[""US""]"
1,Deal,0,"[""US""]"
2,Captain Z-Ro,52,"[""US""]"
8,Barney Miller,170,"[""US""]"
0,Paul Dixon Show,0,"[""US""]"
4,The Weekenders,73,"[""US""]"
1,Homewrecker,8,"[""US""]"
2,Murder One,41,"[""US""]"
1,Starship Exeter,2,"[""US""]"
5,Fury,116,"[""US""]"
1,Freedom,9,"[""US""]"
1,ESPN College Football Thursday Primetime,15,"[""US""]"
0,Amazing Vacation Homes,0,"[""US""]"
0,Turkey Television,0,"[""US""]"
3,Alias Smith and Jones,50,"[""US""]"
1,Wild Palms,5,"[""US""]"
4,Soap,85,"[""US""]"
2,VH1 ILL-ustrated,13,"[""US""]"
1,Street Hawk,13,"[""US""]"
3,Biker Mice from Mars,65,"[""US""]"
6,Oz,56,"[""US""]"
0,Boxing from St. Nicholas Arena,0,"[""US""]"
1,The Edge,19,"[""US""]"
1,Odd Man Out,13,"[""US""]"
5,Grim & Evil,39,"[""US""]"
1,Hype,17,"[""US""]"
6,Next,0,"[""US""]"
1,National Bingo Night,7,"[""US""]"
0,Night Tracks,0,"[""US""]"
1,Them,1,"[""US""]"
2,Chronicle,5,"[""US""]"
7,Petticoat Junction,222,"[""US""]"
1,Law & Order: Trial by Jury,13,"[""US""]"
1,Robbery Homicide Division,13,"[""US""]"
5,Grace Under Fire,112,"[""US""]"
1,Acceptable.tv,9,"[""US""]"
1,Space Ghost and Dino Boy,60,"[""US""]"
1,Probe,7,"[""US""]"
0,Fearless Music,0,"[""US""]"
6,George Lopez,120,"[""US""]"
1,"Love, Inc.",22,"[""US""]"
10,Trading Spaces,375,"[""US""]"
3,Darkwing Duck,91,"[""US""]"
3,Soul Train,6,"[""US""]"
7,Dr. 90210,78,"[""US""]"
0,7 Days,0,"[""US""]"
5,Eek! The Cat,85,"[""CA"",""US""]"
1,Women's Murder Club,13,"[""US""]"
3,The Andy Milonakis Show,22,"[""US""]"
0,Gay USA,0,"[""US""]"
1,Oblivious,6,"[""US""]"
0,Mad Scientist,0,"[""US""]"
2,Land of the Giants,51,"[""US""]"
0,The Wendy Barrie Show,0,"[""US""]"
0,Winning Lines,0,"[""US"",""GB""]"
0,The Edge,0,"[""US""]"
5,Charlie's Angels,115,"[""US""]"
0,Pop! Goes the Country,0,"[""US""]"
2,The Singing Bee,20,"[""US""]"
0,The Edwin J. Hill Social Club,0,"[""US""]"
1,K-Ville,11,"[""US""]"
3,American Dreams,61,"[""US""]"
0,12 Corazones,0,"[""US""]"
0,The Kudlow Report,0,"[""US""]"
3,Noah's Island,39,"[""GB"",""US""]"
1,Thanks,6,"[""US""]"
1,Exposed,9,"[""US""]"
0,Live on Tape,0,"[""US""]"
5,Dharma & Greg,119,"[""US""]"
4,Wizards of Waverly Place,106,"[""US""]"
1,RoboCop: The Animated Series,12,"[""US""]"
0,Closing Bell,0,"[""US""]"
0,The Cross-Wits,0,"[""US""]"
4,Super Robot Monkey Team Hyperforce Go!,52,"[""US"",""JP""]"
5,Hotel,115,"[""US""]"
11,Frasier,264,"[""US""]"
1,The Secret Diary of Desmond Pfeiffer,9,"[""US""]"
1,Flash Gordon,26,"[""US""]"
1,On the Air,3,"[""US""]"
2,Masters of Horror,25,"[""US""]"
6,The L Word,71,"[""US""]"
2,Star Wars Vintage: Ewoks,35,"[""CA"",""US""]"
2,Strip Mall,29,"[""US""]"
4,Scarecrow and Mrs. King,88,"[""US""]"
1,Wake Up Call,1,"[""US""]"
4,Any Day Now,88,"[""US""]"
1,Bandwagon,0,"[""US""]"
1,Get Ed,25,"[""CA"",""US""]"
1,Fat March,6,"[""US""]"
1,Tommy Lee Goes to College,6,"[""US""]"
2,Beautiful People,22,"[""US""]"
5,Bill Nye The Science Guy,100,"[""US""]"
4,Major Dad,96,"[""US""]"
3,One World,39,"[""US""]"
1,On the Lot,16,"[""US""]"
6,Moesha,127,"[""US""]"
1,The Morning Show with Mike and Juliet,1,"[""US""]"
0,Business Center,0,"[""US""]"
1,Zoobilee Zoo,64,"[""US""]"
1,Stump the Schwab,4,"[""US""]"
1,Surface,15,"[""US""]"
1,The Richard Pryor Show,5,"[""US""]"
1,Where the Girls Are,1,"[""US""]"
0,Poolside Chats,0,"[""US""]"
1,DanceLife,8,"[""US""]"
2,What About Brian,24,"[""US""]"
1,From the Earth to the Moon,12,"[""US""]"
4,$40 a Day,76,"[""US""]"
2,Lil' Bush,16,"[""US""]"
5,Kojak,118,"[""US""]"
1,Man from Atlantis,13,"[""US""]"
1,The Lineup,1,"[""US""]"
21,Anderson Cooper 360°,1485,"[""US""]"
2,My Friends Tigger & Pooh,130,"[""US""]"
15,The Celebrity Apprentice,199,"[""US""]"
1,Space: Above and Beyond,23,"[""US""]"
1,Aliens in America,18,"[""US""]"
0,Fox News Watch,0,"[""US""]"
1,Undergrads,13,"[""CA"",""US""]"
50,NOVA,958,"[""US""]"
1,Calvin and the Colonel,22,"[""US""]"
4,The Angry Beavers,124,"[""US""]"
0,Horizon,0,"[""US""]"
5,Hannity & Colmes,56,"[""US""]"
0,Sunday Night Baseball,0,"[""US""]"
1,UC: Undercover,13,"[""US""]"
1,"God, the Devil and Bob",13,"[""US""]"
1,The Westerner,13,"[""US""]"
1,Road Rovers,13,"[""US""]"
0,Beyond Our Control,0,"[""US""]"
1,Graffiti Rock,1,"[""US""]"
5,The Parkers,109,"[""US""]"
0,The Uncle Al Show,0,"[""US""]"
0,Friday Night Premiere Thunder,0,"[""US""]"
1,Kindred: The Embraced,8,"[""US""]"
1,Celebrity Paranormal Project,8,"[""US""]"
0,News to Me,0,"[""US""]"
0,Tweety's High-Flying Adventure,0,"[""US""]"
2,Dennis the Menace,78,"[""US""]"
2,The Bill Cosby Show,52,"[""US""]"
1,The New Ghostwriter Mysteries,13,"[""CA"",""US""]"
0,MLS Primetime Thursday,0,"[""US""]"
0,Pyramid,0,"[""US""]"
2,Jake in Progress,21,"[""US""]"
7,In Search of...,152,"[""US""]"
1,The Herculoids,36,"[""US""]"
1,Too Late with Adam Carolla,49,"[""US""]"
0,Market Wrap,0,"[""US""]"
5,City Guys,105,"[""US""]"
1,Make the Connection,13,"[""US""]"
1,Prey,13,"[""US""]"
1,Young Americans,8,"[""US""]"
1,Bullseye,1,"[""US""]"
0,Attitudes,0,"[""US""]"
1,Cool McCool,60,"[""US""]"
2,Mickey Spillane's Mike Hammer,79,"[""US""]"
1,Camp Runamuck,26,"[""US""]"
0,Serving Through Science,0,"[""US""]"
8,House of Payne,287,"[""US""]"
0,¿Quién Tiene la Razón?,0,"[""US""]"
0,Foreign Exchange,0,"[""US""]"
3,Laguna Beach,44,"[""US""]"
4,Cow and Chicken,104,"[""US""]"
0,DuMont Evening News,0,"[""US""]"
1,Dusty's Trail,26,"[""US""]"
1,Monster Squad,13,"[""US""]"
15,American Idol,566,"[""US""]"
1,"Mancuso, F.B.I.",20,"[""US""]"
2,Beat the Clock,1,"[""US""]"
4,The Janice Dickinson Modeling Agency,43,"[""US""]"
2,Linus the Lionhearted,3,"[""US""]"
1,The Pitts,7,"[""US""]"
0,The Friendly Giant,0,"[""CA"",""US""]"
1,Barefoot in the Park,12,"[""US""]"
1,Starveillance,6,"[""CA"",""US""]"
4,Great Hotels,89,"[""US""]"
1,Red Eye w/Greg Gutfeld,45,"[""US""]"
0,NASCAR on ESPN,0,"[""US""]"
0,Hollywood A Go-Go,0,"[""US""]"
0,The George Michael Sports Machine,0,"[""US""]"
3,Horseland,39,"[""US""]"
1,Platypus Man,13,"[""US""]"
4,Cities of the Underworld,48,"[""US""]"
0,DuMont Royal Theater,0,"[""US""]"
1,FANatic,1,"[""US""]"
1,The Surreal Life: Fame Games,7,"[""US""]"
0,Saga of Western Man,0,"[""US""]"
35,Cops,1182,"[""US""]"
1,Buffy the Animated Series,8,"[""US""]"
2,omg! Insider,5,"[""US""]"
27,48 Hours,775,"[""US""]"
3,Forever Knight,70,"[""CA"",""US""]"
6,Zoom,18,"[""US""]"
0,Nanna's Cottage,0,"[""US""]"
11,Ice Road Truckers,138,"[""US"",""CA""]"
1,Related,19,"[""US""]"
0,On the Record w/ Greta Van Susteren,0,"[""US""]"
7,Parental Control,272,"[""US""]"
20,Gunsmoke,635,"[""US""]"
1,Power of 10,16,"[""US""]"
1,Life on Mars,17,"[""US""]"
14,E! True Hollywood Story,507,"[""US""]"
1,Buzz Lightyear of Star Command,62,"[""US""]"
1,Archie's Weird Mysteries,40,"[""US""]"
1,The Magnificent Marble Machine,1,"[""US""]"
8,Omnibus,119,"[""US""]"
9,Dynasty,220,"[""US""]"
1,Serpico,16,"[""US""]"
9,"Walker, Texas Ranger",202,"[""US""]"
3,North Mission Road,21,"[""US""]"
5,Room 222,113,"[""US""]"
1,Side Order of Life,12,"[""US""]"
2,Invader ZIM,46,"[""US""]"
0,Soap Talk,0,"[""US""]"
2,"Car 54, Where Are You?",60,"[""US""]"
0,Vas o No Vas,0,"[""US""]"
0,Trato Hecho,0,"[""US""]"
0,FSN Baseball Report,0,"[""US""]"
2,Teacher's Pet,47,"[""US""]"
1,Party Line with The Hearty Boys,1,"[""US""]"
6,"Sister, Sister",119,"[""US""]"
2,240-Robert,16,"[""US""]"
6,Too Close for Comfort,129,"[""US""]"
2,Life,32,"[""US""]"
1,Phenom,22,"[""US""]"
8,Dragnet,276,"[""US""]"
0,Worldwide Exchange,0,"[""GB"",""US""]"
2,The Bozo Super Sunday Show,43,"[""US""]"
2,Friday Night Videos,44,"[""US""]"
2,Passion Cove,26,"[""US""]"
2,Maya & Miguel,70,"[""US""]"
7,Nip/Tuck,100,"[""US""]"
0,NBA Shootaround,0,"[""US""]"
4,Dinosaurs,65,"[""US""]"
0,Steven's Untitled Rock Show,0,"[""US""]"
1,The Skatebirds,2,"[""US""]"
4,Naked City,138,"[""US""]"
2,Press Your Luck,207,"[""US""]"
3,Chaotic,79,"[""US""]"
0,Swingin' Time,0,"[""US"",""CA""]"
3,Airline,71,"[""GB"",""US""]"
7,Hill Street Blues,146,"[""US""]"
1,At the Movies,49,"[""US""]"
1,Live Through This,13,"[""US""]"
0,The Magic Cottage,0,"[""US""]"
2,Beverly Hills Bordello,29,"[""US""]"
8,Solid Gold,319,"[""US""]"
6,NOVA scienceNOW,40,"[""US""]"
3,The Naked Brothers Band,40,"[""US"",""GB""]"
3,My Favorite Martian,103,"[""US""]"
1,Giada in Paradise,6,"[""US""]"
10,All That,179,"[""US""]"
2,Full House: Rags to Riches,26,"[""US""]"
1,Haunted,11,"[""US""]"
0,The Krofft Supershow,0,"[""US""]"
0,Travel the Road,0,"[""US""]"
1,Peter Pan & the Pirates,65,"[""US""]"
1,"Win, Lose or Draw",1,"[""US""]"
1,The Highwayman,10,"[""US""]"
2,Catscratch,49,"[""US""]"
2,Significant Others,12,"[""US""]"
1,DiResta,17,"[""US""]"
1,Saints & Sinners,21,"[""US""]"
1,"Secret, Strange & True",1,"[""US""]"
5,The Commish,94,"[""US""]"
0,SpeakOut,0,"[""PH"",""US""]"
11,Happy Days,252,"[""US""]"
2,The Spectacular Spider-Man,26,"[""US""]"
1,Kleo the Misfit Unicorn,0,"[""US"",""CA""]"
4,Donny & Marie,70,"[""US""]"
6,Webster,149,"[""US""]"
0,The Krypton Factor,0,"[""US""]"
2,Yin Yang Yo!,120,"[""CA"",""US""]"
1,The Land Before Time,26,"[""CA"",""US""]"
2,Central Park West,21,"[""US""]"
2,The Pirates of Dark Water,21,"[""US""]"
1,The Lost Room,3,"[""US""]"
1,The Al Morgan Show,1,"[""US""]"
5,Saturday Night Football,41,"[""US""]"
8,Mail Call,105,"[""US""]"
5,WWE ECW,193,"[""US""]"
0,Drudge,0,"[""US""]"
1,Longstreet,22,"[""US""]"
4,Where on Earth is Carmen Sandiego?,40,"[""US""]"
1,King's Crossing,10,"[""US""]"
1,Undeclared,16,"[""US""]"
0,MSNBC Doc Block,0,"[""US""]"
1,What Would You Do?,90,"[""US""]"
1,Masters of Science Fiction,6,"[""US""]"
1,Spider-Man,26,"[""US""]"
17,So You Think You Can Dance,308,"[""US""]"
0,Child's Play,0,"[""US""]"
1,Sneak Previews,0,"[""US""]"
1,"Big John, Little John",13,"[""US""]"
1,The Jake Effect,7,"[""US""]"
1,Body Language,7,"[""US""]"
1,Nerd Nation,10,"[""US""]"
3,Rap City,44,"[""US""]"
21,Case Closed,6,"[""US""]"
5,Nick News with Linda Ellerbee,21,"[""US""]"
3,Hi-Jinks,18,"[""US""]"
0,Bill Bellamy's Who's Got Jokes?,0,"[""US""]"
0,MLS Soccer Saturday,0,"[""US""]"
1,Adventures in Hollyhood,8,"[""US""]"
6,Biker Build-Off,67,"[""US""]"
4,Ghostwriter,89,"[""US"",""GB""]"
4,Mickey Mouse Clubhouse,127,"[""US""]"
1,Cake,13,"[""US""]"
1,Pants-Off Dance-Off,1,"[""US""]"
0,The Big Story,0,"[""US""]"
1,The Michael Richards Show,9,"[""US""]"
0,ESPN College Football Saturday Primetime,0,"[""US""]"
0,Super Tuesday,0,"[""US""]"
4,Romeo!,52,"[""US"",""CA""]"
1,Ninja Turtles: The Next Mutation,26,"[""US""]"
3,In the Mix,32,"[""US""]"
3,Clueless,62,"[""US""]"
23,Hee Haw,586,"[""US""]"
1,Thief,6,"[""US"",""DE""]"
25,Judge Judy,1132,"[""US""]"
2,World's Wildest Police Videos,24,"[""US""]"
5,The Parent 'Hood,90,"[""US""]"
4,My Boys,49,"[""US""]"
5,NewsRadio,97,"[""US""]"
2,Davey and Goliath,72,"[""US""]"
1,Jonny Zero,13,"[""US""]"
1,Carpoolers,13,"[""US""]"
1,Commander in Chief,18,"[""US""]"
1,Sons of Hollywood,12,"[""US""]"
34,CBS News Sunday Morning,1409,"[""US""]"
4,New York Undercover,89,"[""US""]"
2,Dirty Sexy Money,23,"[""US""]"
5,Square One Television,231,"[""US""]"
1,Game Over,6,"[""US""]"
5,Weird Science,88,"[""US""]"
4,Three Sheets,52,"[""US""]"
1,Time Warped,2,"[""US""]"
1,Culture Shock,6,"[""US""]"
1,Invent This!,13,"[""US""]"
2,Tonight Starring Steve Allen,27,"[""US""]"
1,Opposite Sex,8,"[""US""]"
12,A Haunting,115,"[""US""]"
16,Criminal Minds,334,"[""US""]"
7,Medical Center,170,"[""US""]"
2,The Secret Files of the Spy Dogs,44,"[""US""]"
6,Hogan's Heroes,168,"[""US""]"
0,The Fitness Show,0,"[""US""]"
2,Linc's,37,"[""US""]"
0,Christmas with the Dickinsons,0,"[""US""]"
11,The X-Files,218,"[""US""]"
2,Where in Time Is Carmen Sandiego?,99,"[""US""]"
0,It's Your Chance of a Lifetime,0,"[""US""]"
1,A Man Called Sloane,12,"[""US""]"
2,Legion of Super Heroes,26,"[""US""]"
1,Curiosity Shop,2,"[""US""]"
4,Double Dare,93,"[""US""]"
1,The Power of Myth,6,"[""US""]"
0,CNN Newsroom,0,"[""US""]"
3,Star Trek: Odyssey,9,"[""US""]"
0,The Call,0,"[""US""]"
5,The Mod Squad,124,"[""US""]"
1,Firehouse,2,"[""US""]"
0,Objetivo Fama,0,"[""PR"",""US""]"
5,Quantum Leap,97,"[""US""]"
18,The Jerry Springer Show,178,"[""US""]"
2,Inspector Gadget,86,"[""US""]"
1,"Eerie, Indiana",19,"[""US""]"
46,"Diners, Drive-Ins and Dives",605,"[""US""]"
11,The Arthur Murray Party,1,"[""US""]"
0,Finders Keepers,0,"[""US""]"
1,Reunited: The Real World Las Vegas,7,"[""US""]"
1,Outlaws,12,"[""US""]"
6,The Steve Harvey Show,122,"[""US""]"
2,SuperNews!,21,"[""US""]"
1,The Trouble with Normal,7,"[""US""]"
0,Forza Motorsport Showdown,0,"[""US""]"
3,Disney's Really Short Report,33,"[""US""]"
0,Buchanan & Press,0,"[""US""]"
1,Halfway Home,10,"[""US""]"
1,Tomorrow,1,"[""US""]"
2,The Flintstone Kids,76,"[""US""]"
10,Dinner: Impossible,93,"[""US""]"
1,The Delphi Bureau,8,"[""US""]"
0,Rick and Bubba,0,"[""US""]"
2,Rick & Steve: The Happiest Gay Couple in All the World,14,"[""US"",""CA""]"
6,Run's House,60,"[""US""]"
3,Weakest Link,75,"[""US""]"
1,"Pinky, Elmyra & The Brain",25,"[""US""]"
1,Los Luchadores,16,"[""US"",""CA""]"
1,Turn-On,1,"[""US""]"
1,Madame's Place,75,"[""US""]"
1,Captain Simian & the Space Monkeys,26,"[""US""]"
0,American Chronicles,0,"[""US""]"
2,Jack of All Trades,22,"[""US""]"
1,LAX,13,"[""CA"",""US""]"
1,DMX: Soul of a Man,6,"[""US""]"
9,Perry Mason,271,"[""US""]"
0,The Fred Waring Show,0,"[""US""]"
7,Star Wars: The Clone Wars,133,"[""US""]"
2,Summerland,26,"[""US""]"
1,Show Me the Money,7,"[""US""]"
2,Whammy! The All-New Press Your Luck,122,"[""US""]"
1,In the Womb,7,"[""GB"",""US""]"
0,Nickelodeon Splat!,0,"[""US""]"
9,MegaStructures,266,"[""US""]"
1,Bette,18,"[""US""]"
4,UFO Files,83,"[""US""]"
2,Zoboomafoo,65,"[""CA"",""US""]"
4,Snorks,108,"[""BE"",""US""]"
1,Midnight Money Madness,33,"[""US""]"
0,NBA on ABC,0,"[""US""]"
0,Breaking Up Is Hard to Do,0,"[""US""]"
4,The Transformers,95,"[""US""]"
5,Living Single,118,"[""US""]"
0,Special Report with Bret Baier,0,"[""US""]"
3,The Search for the Funniest Mom in America,13,"[""US""]"
2,Time Trax,44,"[""AU"",""US""]"
4,The Equalizer,88,"[""US""]"
0,Rocky King detective,0,"[""US""]"
4,Dexter's Laboratory,221,"[""US""]"
11,Married... with Children,258,"[""US""]"
10,Studio One,466,"[""US""]"
6,Party of Five,142,"[""US""]"
1,Martha,1,"[""US""]"
4,Tom & Jerry Kids Show,195,"[""US""]"
4,Archie Bunker's Place,97,"[""US""]"
0,Car Crazy,0,"[""US""]"
1,Sleepwalkers,9,"[""US""]"
15,Football Night in America,78,"[""US""]"
0,Rogue Nature,0,"[""US""]"
1,The ½ Hour News Hour,17,"[""US""]"
3,Engaged and Underage,22,"[""US""]"
1,Electra Woman and Dyna Girl,16,"[""US""]"
3,PB&J Otter,65,"[""US""]"
34,Walt Disney's Wonderful World of Color,769,"[""US""]"
5,Figure It Out,150,"[""US""]"
2,Evil Con Carne,35,"[""US""]"
3,Life with Louie,39,"[""US""]"
1,All About Us,11,"[""US""]"
1,C.O.P.S.,65,"[""US""]"
5,Friday Night Lights,76,"[""US""]"
0,The Hollywood Game,0,"[""US""]"
1,H.R. Pufnstuf,17,"[""US""]"
4,Beetlejuice,109,"[""US""]"
2,Campus Ladies,20,"[""US""]"
1,Knight School,6,"[""US""]"
7,Cagney & Lacey,125,"[""US""]"
1,Top Cat,30,"[""US""]"
0,The Big Spin,0,"[""US""]"
9,The King of Queens,207,"[""US""]"
3,8 Simple Rules... for Dating My Teenage Daughter,76,"[""US""]"
2,We Got It Made,49,"[""US""]"
1,Mercy Point,8,"[""US""]"
0,War Stories with Oliver North,0,"[""US""]"
2,It's a Big Big World,40,"[""US""]"
3,The New Dick Van Dyke Show,72,"[""US""]"
5,Farscape,90,"[""US"",""AU""]"
0,2 Minute Drill,0,"[""US""]"
4,The Secret World of Alex Mack,78,"[""US""]"
12,Emeril Live,344,"[""US""]"
9,Xplay,630,"[""US""]"
2,Oliver Beene,22,"[""US""]"
2,Cro,20,"[""US""]"
0,CNN Live Today,0,"[""US""]"
3,Wonder Woman,60,"[""US""]"
2,"Mike, Lu & Og",26,"[""US"",""RU""]"
5,Trick My Truck,57,"[""US""]"
7,Mission: Impossible,171,"[""US""]"
4,While You Were Out,211,"[""US""]"
0,The Live Desk,0,"[""US""]"
3,C Bear and Jamal,18,"[""US""]"
1,Highlander: The Raven,22,"[""US"",""CA""]"
5,Big Love,53,"[""US""]"
6,Northern Exposure,110,"[""US""]"
4,V.I.P.,88,"[""US""]"
4,Anime Unleashed,309,"[""US""]"
8,Full House,192,"[""US""]"
5,Combat!,152,"[""US""]"
1,Video Power,33,"[""US""]"
1,Monster Force,13,"[""US"",""CA""]"
4,Solitary,34,"[""US""]"
1,All-American Girl,19,"[""US""]"
7,Melrose Place,226,"[""US""]"
13,Iron Chef America,217,"[""US""]"
2,Rock Star,65,"[""US""]"
10,JAG,227,"[""US""]"
11,The Colbert Report,1447,"[""US""]"
1,"Roswell Conspiracies: Aliens, Myths and Legends",40,"[""CA"",""US""]"
0,DaySide,0,"[""US""]"
3,Superman: The Animated Series,54,"[""US""]"
2,Stacked,20,"[""US""]"
3,Night Gallery,43,"[""US""]"
3,Pet Star,52,"[""US""]"
1,South Beach,8,"[""US""]"
2,Freakazoid!,24,"[""US""]"
2,American Inventor,22,"[""US""]"
1,"Baby, I'm Back",13,"[""US""]"
3,Riptide,58,"[""US""]"
5,Eight Is Enough,112,"[""US""]"
42,Frontline,791,"[""US""]"
1,First Monday,13,"[""US""]"
3,Herman's Head,72,"[""US""]"
10,Between the Lions,140,"[""US""]"
0,The Cost of Freedom,0,"[""US""]"
2,Time Squad,53,"[""US""]"
13,Guy's Big Bite,150,"[""US""]"
7,DragonflyTV,73,"[""US""]"
6,"Dr. Quinn, Medicine Woman",149,"[""US""]"
3,Millennium,67,"[""US"",""CA""]"
2,Stanley,17,"[""US""]"
